Year,Month,Date,Description,Category,Amount,Type,Bank,Card
2025,March,03/11/2025,apple,,-5.99,Credit,Bilt,Bilt
2025,March,03/08/2025,apple,,-34.99,Credit,Bilt,Bilt
2025,March,03/07/2025,visible,,-25.0,Credit,Bilt,Bilt
2025,March,03/07/2025,visible,,-25.0,Credit,Bilt,Bilt
2025,March,03/05/2025,apple,,-1.99,Credit,Bilt,Bilt
2025,March,03/03/2025,pge,,-91.76,Credit,Bilt,Bilt
2025,March,03/03/2025,prose rent,,-2255.94,Credit,Bilt,Bilt
2025,February,02/25/2025,xfinity internet,,-43.0,Credit,Bilt,Bilt
2025,February,02/21/2025,apple,,-9.99,Credit,Bilt,Bilt
2025,February,02/20/2025,apple,,-12.99,Credit,Bilt,Bilt
2025,February,02/15/2025,transfer,,2458.52,Credit,Bilt,Bilt
2025,February,02/15/2025,apple,,-4.99,Credit,Bilt,Bilt
2025,February,02/11/2025,apple,,-5.99,Credit,Bilt,Bilt
2025,February,02/07/2025,visible,,-25.0,Credit,Bilt,Bilt
2025,February,02/07/2025,visible,,-25.0,Credit,Bilt,Bilt
2025,February,02/03/2025,pge,,-57.8,Credit,Bilt,Bilt
2025,February,02/03/2025,prose rent,,-2288.76,Credit,Bilt,Bilt
2025,January,01/25/2025,apple,,-2.98,Credit,Bilt,Bilt
2025,January,01/25/2025,xfinity internet,,-43.0,Credit,Bilt,Bilt
2025,January,01/21/2025,apple,,-9.99,Credit,Bilt,Bilt
2025,January,01/14/2025,transfer,,2472.93,Credit,Bilt,Bilt
2025,January,01/11/2025,apple,,-5.99,Credit,Bilt,Bilt
2025,January,01/07/2025,visible,,-25.0,Credit,Bilt,Bilt
2025,January,01/07/2025,visible,,-25.0,Credit,Bilt,Bilt
2025,January,01/04/2025,prose rent,,-2261.78,Credit,Bilt,Bilt
2025,January,01/02/2025,pge,,-88.59,Credit,Bilt,Bilt
2024,December,12/31/2024,walgreens,,-8.6,Credit,Bilt,Bilt
2024,December,12/25/2024,xfinity internet,,-40.0,Credit,Bilt,Bilt
2024,December,12/25/2024,apple,,-1.99,Credit,Bilt,Bilt
2024,December,12/21/2024,apple,,-9.99,Credit,Bilt,Bilt
2024,December,12/12/2024,apple,,-5.99,Credit,Bilt,Bilt
2024,December,12/10/2024,transfer,,2389.67,Credit,Bilt,Bilt
2024,December,12/07/2024,visible,,-25.0,Credit,Bilt,Bilt
2024,December,12/07/2024,visible,,-25.0,Credit,Bilt,Bilt
2024,December,12/03/2024,prose rent,,-2272.21,Credit,Bilt,Bilt
2024,December,12/02/2024,transfer,,2485.32,Credit,Bilt,Bilt
2024,December,12/02/2024,pge,,-67.46,Credit,Bilt,Bilt
2024,November,11/25/2024,apple,,-1.99,Credit,Bilt,Bilt
2024,November,11/25/2024,xfinity internet,,-48.53,Credit,Bilt,Bilt
2024,November,11/21/2024,apple,,-9.99,Credit,Bilt,Bilt
2024,November,11/16/2024,apple,,-5.99,Credit,Bilt,Bilt
2024,April,04/22/2024,costco,,-86.71,Credit,BofA,Custom
2024,April,04/19/2024,transfer,,60.78,Credit,BofA,Custom
2024,April,04/12/2024,costco,,-43.59,Credit,BofA,Custom
2024,April,04/12/2024,costco,,-91.95,Credit,BofA,Custom
2024,April,04/12/2024,free tax usa,,-14.99,Credit,BofA,Custom
2024,April,04/08/2024,costco,,-58.96,Credit,BofA,Custom
2024,April,04/06/2024,costco,,-44.0,Credit,BofA,Custom
2024,April,04/05/2024,fairyloot,,-34.9,Credit,BofA,Custom
2024,March,03/25/2024,costco,,-59.53,Credit,BofA,Custom
2024,August,08/16/2024,fairyloot,,34.9,Credit,BofA,Custom
2024,August,08/05/2024,fairyloot,,-34.9,Credit,BofA,Custom
2025,March,03/04/2025,costco,,-30.71,Credit,BofA,Custom
2025,March,03/04/2025,costco,,-28.98,Credit,BofA,Custom
2025,March,03/04/2025,costco,,-3.49,Credit,BofA,Custom
2024,December,12/21/2024,transfer,,75.45,Credit,BofA,Custom
2024,December,12/17/2024,costco,,-59.65,Credit,BofA,Custom
2024,December,12/17/2024,costco,,-84.54,Credit,BofA,Custom
2024,December,12/13/2024,cwc,,-45.16,Credit,BofA,Custom
2024,December,12/13/2024,costco,,-37.77,Credit,BofA,Custom
2024,December,12/11/2024,costco,,-107.45,Credit,BofA,Custom
2024,December,12/11/2024,transfer,,962.11,Credit,BofA,Custom
2024,December,12/10/2024,progressive,,4.57,Credit,BofA,Custom
2024,December,12/09/2024,costco,,-38.29,Credit,BofA,Custom
2024,December,12/09/2024,costco,,-143.38,Credit,BofA,Custom
2024,December,12/07/2024,costco,,-29.12,Credit,BofA,Custom
2024,December,12/06/2024,progressive,,-417.0,Credit,BofA,Custom
2024,December,12/04/2024,costco,,34.99,Credit,BofA,Custom
2024,December,12/02/2024,costco,,-60.77,Credit,BofA,Custom
2024,November,11/26/2024,costco,,-27.73,Credit,BofA,Custom
2024,November,11/26/2024,costco,,-205.36,Credit,BofA,Custom
2025,February,02/21/2025,transfer,,810.27,Credit,BofA,Custom
2025,February,02/20/2025,costco,,-42.76,Credit,BofA,Custom
2025,February,02/17/2025,transfer,,810.27,Credit,BofA,Custom
2025,February,02/12/2025,costco,,-46.72,Credit,BofA,Custom
2025,February,02/10/2025,costco,,-23.77,Credit,BofA,Custom
2025,February,02/01/2025,costco,,-123.12,Credit,BofA,Custom
2025,January,01/27/2025,costco,,-36.2,Credit,BofA,Custom
2025,January,01/21/2025,costco,,-79.99,Credit,BofA,Custom
2025,January,01/21/2025,transfer,,254.55,Credit,BofA,Custom
2025,January,01/14/2025,costco,,-339.85,Credit,BofA,Custom
2025,January,01/14/2025,costco,,29.99,Credit,BofA,Custom
2025,January,01/14/2025,costco,,-1.99,Credit,BofA,Custom
2025,January,01/10/2025,costco,,-37.14,Credit,BofA,Custom
2025,January,01/10/2025,costco,,-80.97,Credit,BofA,Custom
2025,January,01/10/2025,costco,,-2.49,Credit,BofA,Custom
2025,January,01/06/2025,costco,,-42.91,Credit,BofA,Custom
2025,January,01/03/2025,costco,,-33.57,Credit,BofA,Custom
2025,January,01/03/2025,costco,,-78.57,Credit,BofA,Custom
2024,December,12/31/2024,costco,,-44.78,Credit,BofA,Custom
2024,December,12/31/2024,costco,,-67.44,Credit,BofA,Custom
2024,December,12/28/2024,gas,,-30.56,Credit,BofA,Custom
2024,July,07/12/2024,fairyloot,,34.9,Credit,BofA,Custom
2024,July,07/05/2024,fairyloot,,-34.9,Credit,BofA,Custom
2024,June,06/19/2024,transfer,,250.8,Credit,BofA,Custom
2024,June,06/19/2024,transfer,,888.25,Credit,BofA,Custom
2024,June,06/12/2024,xfinity mobile,,-54.18,Credit,BofA,Custom
2024,June,06/10/2024,xfinity internet,,-30.0,Credit,BofA,Custom
2024,June,06/07/2024,fairyloot,,-38.0,Credit,BofA,Custom
2024,June,06/04/2024,pge,,-29.92,Credit,BofA,Custom
2024,June,06/03/2024,costco,,-44.55,Credit,BofA,Custom
2024,May,05/28/2024,steam,,-7.99,Credit,BofA,Custom
2024,May,05/27/2024,gas,,-38.17,Credit,BofA,Custom
2024,May,05/27/2024,steam,,-7.99,Credit,BofA,Custom
2024,March,03/19/2024,transfer,,1111.66,Credit,BofA,Custom
2024,February,02/29/2024,fairyloot,,-37.9,Credit,BofA,Custom
2024,February,02/27/2024,costco,,-22.88,Credit,BofA,Custom
2024,May,05/23/2024,mobile game,,-3.99,Credit,BofA,Custom
2024,May,05/21/2024,safeway,,-36.6,Credit,BofA,Custom
2024,May,05/20/2024,transfer,,434.63,Credit,BofA,Custom
2024,May,05/18/2024,costco,,-82.44,Credit,BofA,Custom
2024,May,05/13/2024,xfinity mobile,,-38.18,Credit,BofA,Custom
2024,May,05/10/2024,costco,,-52.33,Credit,BofA,Custom
2024,May,05/10/2024,xfinity internet,,-25.0,Credit,BofA,Custom
2024,May,05/08/2024,pge,,-54.01,Credit,BofA,Custom
2024,May,05/06/2024,costco,,-428.26,Credit,BofA,Custom
2024,May,05/06/2024,fairyloot,,-34.9,Credit,BofA,Custom
2024,April,04/29/2024,costco,,-40.95,Credit,BofA,Custom
2024,April,04/29/2024,costco,,-91.59,Credit,BofA,Custom
2024,November,11/18/2024,costco,,-34.08,Credit,BofA,Custom
2024,November,11/11/2024,costco,,-184.39,Credit,BofA,Custom
2024,November,11/01/2024,costco,,-30.73,Credit,BofA,Custom
2024,November,11/01/2024,costco,,-97.9,Credit,BofA,Custom
2024,November,11/01/2024,costco,,-6.29,Credit,BofA,Custom
2024,October,10/23/2024,costco,,-43.86,Credit,BofA,Custom
2024,October,10/21/2024,transfer,,452.1,Credit,BofA,Custom
2024,October,10/21/2024,transfer,,452.1,Credit,BofA,Custom
2024,October,10/18/2024,costco,,-223.46,Credit,BofA,Custom
2024,October,10/10/2024,fairyloot,,34.9,Credit,BofA,Custom
2024,October,10/07/2024,fairyloot,,-34.9,Credit,BofA,Custom
2024,October,10/05/2024,asian family market,,-27.97,Credit,BofA,Custom
2024,October,10/04/2024,costco,,-37.3,Credit,BofA,Custom
2024,October,10/04/2024,costco,,-309.66,Credit,BofA,Custom
2024,October,10/04/2024,costco,,15.99,Credit,BofA,Custom
2024,September,09/26/2024,transfer,,452.1,Credit,BofA,Custom
2024,September,09/23/2024,costco,,-23.56,Credit,BofA,Custom
2024,September,09/23/2024,costco,,-150.15,Credit,BofA,Custom
2024,September,09/23/2024,costco,,-51.94,Credit,BofA,Custom
2024,September,09/23/2024,costco,,19.99,Credit,BofA,Custom
2024,September,09/23/2024,costco,,39.99,Credit,BofA,Custom
2024,September,09/21/2024,costco,,-38.62,Credit,BofA,Custom
2024,September,09/19/2024,costco,,-17.99,Credit,BofA,Custom
2024,September,09/16/2024,costco,,-34.48,Credit,BofA,Custom
2024,September,09/16/2024,costco,,-245.33,Credit,BofA,Custom
2024,September,09/16/2024,costco,,49.99,Credit,BofA,Custom
2024,September,09/12/2024,transfer,,242.96,Credit,BofA,Custom
2024,September,09/07/2024,costco,,-27.18,Credit,BofA,Custom
2024,September,09/07/2024,costco,,-140.89,Credit,BofA,Custom
2024,September,09/05/2024,fairyloot,,-34.9,Credit,BofA,Custom
2024,September,09/04/2024,costco,,-39.99,Credit,BofA,Custom
2025,March,03/11/2025,taco bell,,-5.58,Credit,Chase,Freedom
2025,March,03/11/2025,burger king,,-9.69,Credit,Chase,Freedom
2025,March,03/09/2025,dutch bros,,-15.41,Credit,Chase,Freedom
2025,March,03/09/2025,fred-meyer,,-13.5,Credit,Chase,Freedom
2025,March,03/08/2025,go calendars games books,,-24.99,Credit,Chase,Freedom
2025,March,03/08/2025,dutch bros,,-5.45,Credit,Chase,Freedom
2025,March,03/08/2025,mcdonalds,,-4.69,Credit,Chase,Freedom
2025,March,03/08/2025,chipotle,,-20.65,Credit,Chase,Freedom
2025,March,03/06/2025,goodwill,,-6.99,Credit,Chase,Freedom
2025,March,03/06/2025,goodwill,,-14.0,Credit,Chase,Freedom
2025,March,03/06/2025,jaybee's,,-34.0,Credit,Chase,Freedom
2025,March,03/06/2025,etsy,,-29.0,Credit,Chase,Freedom
2025,March,03/03/2025,gmart,,-4.99,Credit,Chase,Freedom
2025,March,03/02/2025,too good to go,,-6.99,Credit,Chase,Freedom
2025,March,03/02/2025,too good to go,,-9.99,Credit,Chase,Freedom
2025,March,03/01/2025,lawdepot,,-42.0,Credit,Chase,Freedom
2025,February,02/28/2025,momiji,,-80.0,Credit,Chase,Freedom
2025,March,03/01/2025,hulu plus,,-1.98,Credit,Chase,Freedom
2025,February,02/27/2025,mcdonalds,,-1.09,Credit,Chase,Freedom
2025,February,02/26/2025,sorya,,-19.78,Credit,Chase,Freedom
2025,February,02/26/2025,sorya,,-2.8,Credit,Chase,Freedom
2025,February,02/27/2025,daiso,,-20.12,Credit,Chase,Freedom
2025,February,02/26/2025,mcdonalds,,-4.76,Credit,Chase,Freedom
2025,February,02/26/2025,mcdonalds,,-4.33,Credit,Chase,Freedom
2025,February,02/24/2025,homegoods,,-59.93,Credit,Chase,Freedom
2025,February,02/23/2025,safeway,,-5.79,Credit,Chase,Freedom
2025,February,02/24/2025,tj maxx,,-24.99,Credit,Chase,Freedom
2025,February,02/24/2025,michaels,,-43.97,Credit,Chase,Freedom
2025,February,02/23/2025,stone cliff inn,,-59.4,Credit,Chase,Freedom
2025,February,02/24/2025,too good to go,,-6.99,Credit,Chase,Freedom
2025,February,02/24/2025,tiktok,,-23.99,Credit,Chase,Freedom
2025,February,02/23/2025,wholefoods,,-5.38,Credit,Chase,Freedom
2025,February,02/21/2025,fred meyer,,32.6,Credit,Chase,Freedom
2025,February,02/21/2025,fred meyer,,-36.03,Credit,Chase,Freedom
2025,February,02/22/2025,too good to go,,-5.99,Credit,Chase,Freedom
2025,February,02/20/2025,asian family market,,-21.98,Credit,Chase,Freedom
2025,February,02/20/2025,kinokuniya,,-20.99,Credit,Chase,Freedom
2025,February,02/20/2025,core korean,,-34.98,Credit,Chase,Freedom
2025,February,02/20/2025,homegoods,,-7.99,Credit,Chase,Freedom
2025,February,02/20/2025,fred-meyer,,-15.46,Credit,Chase,Freedom
2025,February,02/20/2025,usps,,-1.32,Credit,Chase,Freedom
2025,February,02/20/2025,uwajimaya,,-5.48,Credit,Chase,Freedom
2025,February,02/20/2025,round table pizza,,-47.47,Credit,Chase,Freedom
2025,February,02/20/2025,fedex,,-17.48,Credit,Chase,Freedom
2025,February,02/19/2025,world market,,-31.74,Credit,Chase,Freedom
2025,February,02/19/2025,free tax usa,,-14.99,Credit,Chase,Freedom
2025,February,02/17/2025,mcdonalds,,-1.49,Credit,Chase,Freedom
2025,February,02/17/2025,mcdonalds,,-3.99,Credit,Chase,Freedom
2025,February,02/14/2025,mieko's,,-28.08,Credit,Chase,Freedom
2025,February,02/15/2025,transfer,,2183.17,Credit,Chase,Freedom
2025,February,02/13/2025,kajiken,,-50.8,Credit,Chase,Freedom
2025,February,02/13/2025,dutch bros,,-13.16,Credit,Chase,Freedom
2025,February,02/13/2025,parking,,-4.0,Credit,Chase,Freedom
2025,February,02/13/2025,panda express,,-11.18,Credit,Chase,Freedom
2025,February,02/13/2025,maya asian market,,-33.99,Credit,Chase,Freedom
2025,February,02/13/2025,abercrombie & fitch,,-26.25,Credit,Chase,Freedom
2025,February,02/13/2025,cabela's,,-21.8,Credit,Chase,Freedom
2025,February,02/11/2025,dutch bros,,-13.35,Credit,Chase,Freedom
2025,February,02/10/2025,train,,0.1,Credit,Chase,Freedom
2025,February,02/10/2025,trader joe s,,-30.56,Credit,Chase,Freedom
2025,February,02/10/2025,hmart,,-18.96,Credit,Chase,Freedom
2025,February,02/10/2025,safeway,,-33.54,Credit,Chase,Freedom
2025,February,02/10/2025,wholefoods,,30.88,Credit,Chase,Freedom
2025,February,02/11/2025,out & about burger,,-19.71,Credit,Chase,Freedom
2025,February,02/10/2025,mcdonalds,,-1.0,Credit,Chase,Freedom
2025,February,02/09/2025,dutch bros,,-13.3,Credit,Chase,Freedom
2025,February,02/10/2025,wholefoods,,-54.18,Credit,Chase,Freedom
2025,February,02/09/2025,pelican brewing,,-55.12,Credit,Chase,Freedom
2025,February,02/08/2025,safeway,,-6.28,Credit,Chase,Freedom
2025,February,02/09/2025,mcdonalds,,-3.99,Credit,Chase,Freedom
2025,February,02/08/2025,hmart,,-51.12,Credit,Chase,Freedom
2025,February,02/09/2025,seaside confections,,-3.75,Credit,Chase,Freedom
2025,February,02/08/2025,hat yai,,-29.01,Credit,Chase,Freedom
2025,February,02/06/2025,chewy,,-54.97,Credit,Chase,Freedom
2025,February,02/05/2025,usps,,-21.15,Credit,Chase,Freedom
2025,February,02/04/2025,safeway,,-31.79,Credit,Chase,Freedom
2025,February,02/04/2025,mcdonalds,,-1.0,Credit,Chase,Freedom
2025,February,02/03/2025,lucky kitty bubbles,,-8.15,Credit,Chase,Freedom
2025,February,02/03/2025,mcdonalds,,-4.59,Credit,Chase,Freedom
2025,February,02/03/2025,mcdonalds,,-5.25,Credit,Chase,Freedom
2025,February,02/03/2025,uber eats,,-35.51,Credit,Chase,Freedom
2025,January,01/31/2025,target,,-21.02,Credit,Chase,Freedom
2025,January,01/31/2025,mcdonalds,,-2.39,Credit,Chase,Freedom
2025,January,01/31/2025,free tax usa,,-14.99,Credit,Chase,Freedom
2025,January,01/31/2025,fred-meyer,,-3.98,Credit,Chase,Freedom
2025,February,02/01/2025,hulu plus,,-1.98,Credit,Chase,Freedom
2025,February,02/01/2025,target,,-7.49,Credit,Chase,Freedom
2025,February,02/01/2025,mcdonalds,,-1.0,Credit,Chase,Freedom
2025,January,01/31/2025,mcdonalds,,-2.69,Credit,Chase,Freedom
2025,February,02/01/2025,asian family market,,-36.26,Credit,Chase,Freedom
2025,January,01/31/2025,trader joe s,,-4.58,Credit,Chase,Freedom
2025,January,01/29/2025,fred meyer,,-32.6,Credit,Chase,Freedom
2025,January,01/29/2025,fred meyer,,-19.22,Credit,Chase,Freedom
2025,January,01/28/2025,momiji,,-81.4,Credit,Chase,Freedom
2025,January,01/28/2025,lawdepot,,-42.0,Credit,Chase,Freedom
2025,January,01/27/2025,usps,,-1.32,Credit,Chase,Freedom
2025,January,01/25/2025,dutch bros,,-23.29,Credit,Chase,Freedom
2025,January,01/25/2025,wajan,,-65.0,Credit,Chase,Freedom
2025,January,01/25/2025,flow enterprises,,-10.0,Credit,Chase,Freedom
2025,January,01/25/2025,panda express,,-10.6,Credit,Chase,Freedom
2025,January,01/24/2025,target,,-12.18,Credit,Chase,Freedom
2025,January,01/25/2025,gas,,-8.08,Credit,Chase,Freedom
2025,January,01/25/2025,costco,,-6.26,Credit,Chase,Freedom
2025,January,01/24/2025,fred meyer,,-7.6,Credit,Chase,Freedom
2025,January,01/24/2025,big fish games,,-2.99,Credit,Chase,Freedom
2025,January,01/24/2025,mcdonalds,,-1.0,Credit,Chase,Freedom
2025,January,01/23/2025,mcdonalds,,-1.49,Credit,Chase,Freedom
2025,January,01/23/2025,usps,,-14.6,Credit,Chase,Freedom
2025,January,01/23/2025,mcdonalds,,-3.5,Credit,Chase,Freedom
2025,January,01/23/2025,mcdonalds,,-3.99,Credit,Chase,Freedom
2025,January,01/24/2025,postcard cabins,,-144.51,Credit,Chase,Freedom
2025,January,01/22/2025,mcdonalds,,-1.0,Credit,Chase,Freedom
2025,January,01/20/2025,fred meyer,,-18.46,Credit,Chase,Freedom
2025,January,01/21/2025,target,,-48.98,Credit,Chase,Freedom
2025,January,01/21/2025,mcdonalds,,-2.39,Credit,Chase,Freedom
2025,January,01/21/2025,mcdonalds,,-3.99,Credit,Chase,Freedom
2025,January,01/21/2025,target,,-24.49,Credit,Chase,Freedom
2025,January,01/18/2025,hmart,,-12.19,Credit,Chase,Freedom
2025,January,01/17/2025,asian family market,,-5.99,Credit,Chase,Freedom
2025,January,01/17/2025,usps,,-1.32,Credit,Chase,Freedom
2025,January,01/17/2025,new seasons market,,-23.98,Credit,Chase,Freedom
2025,January,01/17/2025,king county recorders,,-17.0,Credit,Chase,Freedom
2025,January,01/17/2025,bubble n tea,,-6.0,Credit,Chase,Freedom
2025,January,01/15/2025,double mountain brew,,-24.0,Credit,Chase,Freedom
2025,January,01/15/2025,nexus,,-8.99,Credit,Chase,Freedom
2025,January,01/13/2025,mcdonalds,,-1.09,Credit,Chase,Freedom
2025,January,01/13/2025,sierra,,59.99,Credit,Chase,Freedom
2025,January,01/13/2025,mcdonalds,,-1.62,Credit,Chase,Freedom
2025,January,01/13/2025,mcdonalds,,-3.25,Credit,Chase,Freedom
2025,January,01/13/2025,target,,-12.59,Credit,Chase,Freedom
2025,January,01/12/2025,sierra,,-119.98,Credit,Chase,Freedom
2025,January,01/12/2025,target,,-3.99,Credit,Chase,Freedom
2025,January,01/12/2025,target,,-31.98,Credit,Chase,Freedom
2025,January,01/10/2025,mcdonalds,,-1.0,Credit,Chase,Freedom
2025,January,01/11/2025,train,,-13.0,Credit,Chase,Freedom
2025,January,01/10/2025,progressive,,-61.4,Credit,Chase,Freedom
2025,January,01/09/2025,costco,,-6.97,Credit,Chase,Freedom
2025,January,01/09/2025,litjoy crate,,-188.0,Credit,Chase,Freedom
2025,January,01/08/2025,birrieria pdx,,-29.0,Credit,Chase,Freedom
2025,January,01/06/2025,safeway,,-4.99,Credit,Chase,Freedom
2025,January,01/05/2025,dutch bros,,-13.93,Credit,Chase,Freedom
2025,January,01/06/2025,parking,,-24.0,Credit,Chase,Freedom
2025,January,01/05/2025,uber,,-12.93,Credit,Chase,Freedom
2025,January,01/04/2025,stanfords restaurant,,-222.11,Credit,Chase,Freedom
2025,January,01/04/2025,miro tea,,-15.72,Credit,Chase,Freedom
2025,January,01/03/2025,bellevue,,158.69,Credit,Chase,Freedom
2025,January,01/02/2025,barnes & noble,,-35.86,Credit,Chase,Freedom
2025,January,01/04/2025,panda express,,-41.71,Credit,Chase,Freedom
2025,January,01/02/2025,barnes & noble,,-35.86,Credit,Chase,Freedom
2025,January,01/02/2025,disney store,,-13.06,Credit,Chase,Freedom
2025,January,01/03/2025,saars,,-6.6,Credit,Chase,Freedom
2025,January,01/03/2025,parking,,-5.0,Credit,Chase,Freedom
2025,January,01/03/2025,bellevue,,-177.94,Credit,Chase,Freedom
2025,January,01/03/2025,bellevue,,-126.95,Credit,Chase,Freedom
2025,January,01/03/2025,parking,,-4.0,Credit,Chase,Freedom
2025,January,01/03/2025,parking,,-2.75,Credit,Chase,Freedom
2025,January,01/04/2025,parking,,-9.0,Credit,Chase,Freedom
2025,January,01/03/2025,tj maxx,,-33.62,Credit,Chase,Freedom
2025,January,01/02/2025,tj maxx,,-5.49,Credit,Chase,Freedom
2025,January,01/02/2025,mcdonalds,,-1.62,Credit,Chase,Freedom
2025,January,01/02/2025,seattle premium outlets,,-109.09,Credit,Chase,Freedom
2025,January,01/02/2025,jade garden restaurant,,-39.76,Credit,Chase,Freedom
2025,January,01/02/2025,mcdonalds,,-5.66,Credit,Chase,Freedom
2025,January,01/02/2025,kinokuniya,,-22.06,Credit,Chase,Freedom
2025,January,01/01/2025,safeway,,-9.49,Credit,Chase,Freedom
2025,January,01/02/2025,abercrombie & fitch,,-8.73,Credit,Chase,Freedom
2025,January,01/01/2025,saars,,-10.51,Credit,Chase,Freedom
2025,January,01/01/2025,jersey mikes,,-23.79,Credit,Chase,Freedom
2025,January,01/01/2025,uber eats,,-20.09,Credit,Chase,Freedom
2025,January,01/01/2025,hulu plus,,-1.98,Credit,Chase,Freedom
2024,December,12/31/2024,dutch bros,,-21.54,Credit,Chase,Freedom
2024,December,12/31/2024,sierra,,-76.43,Credit,Chase,Freedom
2024,December,12/31/2024,transfer,,2978.42,Credit,Chase,Freedom
2024,December,12/29/2024,bellevue,,-130.48,Credit,Chase,Freedom
2024,December,12/30/2024,sp ventures market,,-11.04,Credit,Chase,Freedom
2024,December,12/30/2024,sui inc,,-8.75,Credit,Chase,Freedom
2024,December,12/29/2024,pcc community markets,,-4.3,Credit,Chase,Freedom
2024,December,12/30/2024,market spice,,-3.36,Credit,Chase,Freedom
2024,December,12/29/2024,bellevue,,161.14,Credit,Chase,Freedom
2024,December,12/30/2024,golden age collectables,,-33.11,Credit,Chase,Freedom
2024,December,12/28/2024,parking,,-2.74,Credit,Chase,Freedom
2024,December,12/28/2024,goodwill,,-58.41,Credit,Chase,Freedom
2024,December,12/29/2024,t&t market,,-180.1,Credit,Chase,Freedom
2024,December,12/28/2024,parking,,-5.5,Credit,Chase,Freedom
2024,December,12/28/2024,safeway,,-6.99,Credit,Chase,Freedom
2024,December,12/28/2024,parking,,-2.75,Credit,Chase,Freedom
2024,December,12/28/2024,safeway,,-13.76,Credit,Chase,Freedom
2024,December,12/28/2024,als music video  games,,-22.19,Credit,Chase,Freedom
2024,December,12/28/2024,goodwill,,-11.02,Credit,Chase,Freedom
2024,December,12/29/2024,tj maxx,,-23.68,Credit,Chase,Freedom
2024,December,12/29/2024,beecher's,,-33.62,Credit,Chase,Freedom
2024,December,12/27/2024,mcdonalds,,-5.58,Credit,Chase,Freedom
2024,December,12/28/2024,uwajimaya,,-94.59,Credit,Chase,Freedom
2024,December,12/26/2024,safeway,,-32.13,Credit,Chase,Freedom
2024,December,12/27/2024,dutch bros,,-13.4,Credit,Chase,Freedom
2024,December,12/27/2024,parking,,-13.0,Credit,Chase,Freedom
2024,December,12/27/2024,mcdonalds,,-1.1,Credit,Chase,Freedom
2024,December,12/27/2024,denny's,,-23.78,Credit,Chase,Freedom
2024,December,12/27/2024,haidilao hot pot,,-436.97,Credit,Chase,Freedom
2024,December,12/27/2024,mcdonalds,,-4.05,Credit,Chase,Freedom
2024,December,12/28/2024,parking,,-12.0,Credit,Chase,Freedom
2024,December,12/26/2024,andreas keller restaurant,,-173.5,Credit,Chase,Freedom
2024,December,12/26/2024,munchen haus,,60.0,Credit,Chase,Freedom
2024,December,12/25/2024,safeway,,-0.71,Credit,Chase,Freedom
2024,December,12/26/2024,munchen haus,,-64.35,Credit,Chase,Freedom
2024,December,12/25/2024,leavenworth shirt,,-6.51,Credit,Chase,Freedom
2024,December,12/25/2024,leavenworth village,,-32.58,Credit,Chase,Freedom
2024,December,12/25/2024,leavenworth village,,-18.46,Credit,Chase,Freedom
2024,December,12/25/2024,saars,,-34.93,Credit,Chase,Freedom
2024,December,12/25/2024,food stand,,-16.0,Credit,Chase,Freedom
2024,December,12/25/2024,copper creek,,-14.15,Credit,Chase,Freedom
2024,December,12/23/2024,aritzia,,-7.21,Credit,Chase,Freedom
2024,December,12/24/2024,tj maxx,,-87.09,Credit,Chase,Freedom
2024,December,12/22/2024,daiso,,-7.96,Credit,Chase,Freedom
2024,December,12/22/2024,seabra`s market,,-27.91,Credit,Chase,Freedom
2024,December,12/23/2024,train,,-2.9,Credit,Chase,Freedom
2024,December,12/22/2024,b&h photo,,-38.1,Credit,Chase,Freedom
2024,December,12/21/2024,muji,,-27.92,Credit,Chase,Freedom
2024,December,12/22/2024,ess-a-bagel,,-26.89,Credit,Chase,Freedom
2024,December,12/20/2024,seabra`s market,,-3.58,Credit,Chase,Freedom
2024,December,12/19/2024,aritzia,,-176.19,Credit,Chase,Freedom
2024,December,12/21/2024,classic photo booth,,-10.0,Credit,Chase,Freedom
2024,December,12/21/2024,classic photo booth,,-10.0,Credit,Chase,Freedom
2024,December,12/19/2024,da gennaro ristorante,,-91.0,Credit,Chase,Freedom
2024,December,12/21/2024,classic photo booth,,-10.0,Credit,Chase,Freedom
2024,December,12/18/2024,hmart,,-10.85,Credit,Chase,Freedom
2024,December,12/16/2024,pinkberry,,-8.92,Credit,Chase,Freedom
2024,December,12/17/2024,aldi,,-4.14,Credit,Chase,Freedom
2024,December,12/16/2024,waban market,,-7.98,Credit,Chase,Freedom
2024,December,12/17/2024,woodbury commons,,-31.24,Credit,Chase,Freedom
2024,December,12/16/2024,chipotle,,11.79,Credit,Chase,Freedom
2024,December,12/16/2024,woodbury commons,,-64.97,Credit,Chase,Freedom
2024,December,12/16/2024,shake shack\,,-34.56,Credit,Chase,Freedom
2024,December,12/16/2024,kung pao wok,,-21.28,Credit,Chase,Freedom
2024,December,12/15/2024,la burdick chocolate,,-21.67,Credit,Chase,Freedom
2024,December,12/14/2024,beacon hill books,,-50.84,Credit,Chase,Freedom
2024,December,12/13/2024,lazy sister,,-106.44,Credit,Chase,Freedom
2024,December,12/12/2024,poppa box,,-35.5,Credit,Chase,Freedom
2024,December,12/14/2024,nuts factory,,-10.61,Credit,Chase,Freedom
2024,December,12/15/2024,tatte bakery,,-15.28,Credit,Chase,Freedom
2024,December,12/13/2024,shoprite,,-8.6,Credit,Chase,Freedom
2024,December,12/12/2024,national park,,-7.45,Credit,Chase,Freedom
2024,December,12/13/2024,gas,,-10.66,Credit,Chase,Freedom
2024,December,12/13/2024,rei,,-18.54,Credit,Chase,Freedom
2024,December,12/13/2024,rei,,-30.0,Credit,Chase,Freedom
2024,December,12/13/2024,rei,,-399.7,Credit,Chase,Freedom
2024,December,12/12/2024,billy hicks,,-18.7,Credit,Chase,Freedom
2024,December,12/13/2024,parking,,-2.75,Credit,Chase,Freedom
2024,December,12/11/2024,national park,,-2.85,Credit,Chase,Freedom
2024,December,12/11/2024,safeway,,-6.03,Credit,Chase,Freedom
2024,December,12/11/2024,tj maxx,,-76.33,Credit,Chase,Freedom
2024,December,12/09/2024,sumatera restaurant,,-64.17,Credit,Chase,Freedom
2024,December,12/10/2024,transfer,,1572.46,Credit,Chase,Freedom
2024,December,12/09/2024,jaybee's,,-29.0,Credit,Chase,Freedom
2024,December,12/08/2024,target,,-65.85,Credit,Chase,Freedom
2024,December,12/08/2024,salon nyla,,-295.0,Credit,Chase,Freedom
2024,December,12/07/2024,portland florist shop,,-8.5,Credit,Chase,Freedom
2024,December,12/07/2024,copper creek,,-75.03,Credit,Chase,Freedom
2024,December,12/06/2024,mount rainier,,-30.0,Credit,Chase,Freedom
2024,December,12/07/2024,fred-meyer,,-19.47,Credit,Chase,Freedom
2024,December,12/06/2024,dutch bros,,-12.22,Credit,Chase,Freedom
2024,December,12/05/2024,daiso,,-1.89,Credit,Chase,Freedom
2024,December,12/05/2024,salon nyla,,-50.0,Credit,Chase,Freedom
2024,December,12/04/2024,mcdonalds,,-0.54,Credit,Chase,Freedom
2024,December,12/04/2024,sierra,,-169.93,Credit,Chase,Freedom
2024,December,12/04/2024,mcdonalds,,-0.54,Credit,Chase,Freedom
2024,December,12/04/2024,dollar tree,,-5.98,Credit,Chase,Freedom
2024,December,12/04/2024,mcdonalds,,-2.17,Credit,Chase,Freedom
2024,December,12/04/2024,mcdonalds,,-1.62,Credit,Chase,Freedom
2024,December,12/03/2024,sierra,,-120.01,Credit,Chase,Freedom
2024,December,12/03/2024,target,,-2.99,Credit,Chase,Freedom
2024,December,12/03/2024,costco,,-1.5,Credit,Chase,Freedom
2024,December,12/04/2024,fairyloot,,-16.0,Credit,Chase,Freedom
2024,December,12/03/2024,smog inspection,,-25.0,Credit,Chase,Freedom
2024,December,12/03/2024,panda express,,-11.9,Credit,Chase,Freedom
2024,November,11/30/2024,target,,-3.29,Credit,Chase,Freedom
2024,December,12/01/2024,asian family market,,-25.84,Credit,Chase,Freedom
2024,November,11/30/2024,target,,11.59,Credit,Chase,Freedom
2024,November,11/30/2024,target,,-42.06,Credit,Chase,Freedom
2024,December,12/01/2024,hulu plus,,-1.98,Credit,Chase,Freedom
2024,November,11/30/2024,kohl's,,-32.0,Credit,Chase,Freedom
2024,November,11/29/2024,dutch bros,,-13.0,Credit,Chase,Freedom
2024,November,11/30/2024,chipotle,,-8.6,Credit,Chase,Freedom
2024,November,11/29/2024,tiktok,,-39.0,Credit,Chase,Freedom
2024,November,11/29/2024,tj maxx,,-29.97,Credit,Chase,Freedom
2024,November,11/29/2024,safeway,,-10.97,Credit,Chase,Freedom
2024,November,11/27/2024,safeway,,-29.71,Credit,Chase,Freedom
2024,November,11/25/2024,trader joe s,,-10.27,Credit,Chase,Freedom
2024,November,11/25/2024,steam,,-19.99,Credit,Chase,Freedom
2024,November,11/24/2024,sichuan taste,,-40.9,Credit,Chase,Freedom
2024,November,11/23/2024,panda express,,-10.98,Credit,Chase,Freedom
2024,November,11/23/2024,fred meyer,,-10.86,Credit,Chase,Freedom
2024,November,11/22/2024,fred meyer,,-48.63,Credit,Chase,Freedom
2024,November,11/20/2024,fred meyer,,-7.99,Credit,Chase,Freedom
2024,November,11/21/2024,nexus,,81.0,Credit,Chase,Freedom
2024,November,11/19/2024,target,,-12.37,Credit,Chase,Freedom
2024,November,11/21/2024,nexus,,-89.99,Credit,Chase,Freedom
2024,November,11/19/2024,hmart,,-23.96,Credit,Chase,Freedom
2024,November,11/20/2024,sierra,,-149.98,Credit,Chase,Freedom
2024,November,11/19/2024,home depot,,-8.75,Credit,Chase,Freedom
2024,November,11/20/2024,sierra,,-39.99,Credit,Chase,Freedom
2024,November,11/19/2024,target,,-2.19,Credit,Chase,Freedom
2024,November,11/19/2024,transfer,,770.05,Credit,Chase,Freedom
2024,November,11/19/2024,ups,,-3.5,Credit,Chase,Freedom
2024,November,11/19/2024,sierra,,-75.0,Credit,Chase,Freedom
2024,November,11/19/2024,tj maxx,,-9.99,Credit,Chase,Freedom
2024,November,11/19/2024,ups,,-2.0,Credit,Chase,Freedom
2024,November,11/17/2024,village merchants,,-11.0,Credit,Chase,Freedom
2024,November,11/17/2024,house of vintage,,-91.67,Credit,Chase,Freedom
2024,November,11/15/2024,safeway,,-55.89,Credit,Chase,Freedom
2024,November,11/14/2024,screen door,,-67.1,Credit,Chase,Freedom
2024,November,11/14/2024,usps,,-1.01,Credit,Chase,Freedom
2024,November,11/12/2024,steam,,-39.99,Credit,Chase,Freedom
2024,November,11/11/2024,b&h photo,,-81.98,Credit,Chase,Freedom
2024,November,11/11/2024,safeway,,-5.83,Credit,Chase,Freedom
2024,November,11/11/2024,mcdonalds,,-1.0,Credit,Chase,Freedom
2024,November,11/11/2024,mcdonalds,,-1.49,Credit,Chase,Freedom
2024,November,11/11/2024,mcdonalds,,-1.49,Credit,Chase,Freedom
2024,November,11/11/2024,fred meyer,,-10.32,Credit,Chase,Freedom
2024,November,11/11/2024,mcdonalds,,-4.5,Credit,Chase,Freedom
2024,November,11/09/2024,safeway,,-5.49,Credit,Chase,Freedom
2024,November,11/08/2024,daiso,,-5.69,Credit,Chase,Freedom
2024,November,11/08/2024,daiso,,-8.4,Credit,Chase,Freedom
2024,November,11/08/2024,target,,5.0,Credit,Chase,Freedom
2024,November,11/07/2024,sichuan taste,,-42.7,Credit,Chase,Freedom
2024,November,11/02/2024,hmart,,-27.73,Credit,Chase,Freedom
2024,November,11/01/2024,target,,-30.37,Credit,Chase,Freedom
2024,October,10/30/2024,steam,,-109.99,Credit,Chase,Freedom
2024,October,10/29/2024,new seasons market,,-12.48,Credit,Chase,Freedom
2024,October,10/27/2024,dutch bros,,18.25,Credit,Chase,Freedom
2024,October,10/27/2024,roloff farms,,-3.47,Credit,Chase,Freedom
2024,October,10/27/2024,dutch bros,,-18.25,Credit,Chase,Freedom
2024,October,10/27/2024,dutch bros,,-11.4,Credit,Chase,Freedom
2024,October,10/27/2024,jaybee's,,-28.0,Credit,Chase,Freedom
2024,October,10/27/2024,roloff farms,,-65.22,Credit,Chase,Freedom
2024,October,10/26/2024,trader joe s,,-41.85,Credit,Chase,Freedom
2024,October,10/26/2024,transfer,,63.49,Credit,Chase,Freedom
2024,October,10/26/2024,tj maxx,,-19.99,Credit,Chase,Freedom
2024,October,10/24/2024,kkoki bbq,,-58.9,Credit,Chase,Freedom
2024,October,10/23/2024,paris baguette,,-4.59,Credit,Chase,Freedom
2025,March,03/11/2025,amazon,,-5.99,Credit,Chase,Prime
2025,March,03/01/2025,amazon,,-35.99,Credit,Chase,Prime
2025,February,02/26/2025,amazon prime,,-6.99,Credit,Chase,Prime
2025,February,02/15/2025,transfer,,320.78,Credit,Chase,Prime
2025,January,01/31/2025,transfer,,74.54,Credit,Chase,Prime
2025,January,01/26/2025,amazon prime,,-6.99,Credit,Chase,Prime
2025,January,01/24/2025,amazon,,-8.3,Credit,Chase,Prime
2025,January,01/24/2025,amazon,,-11.5,Credit,Chase,Prime
2025,January,01/20/2025,amazon,,-29.96,Credit,Chase,Prime
2025,January,01/13/2025,amazon,,-9.19,Credit,Chase,Prime
2025,January,01/11/2025,amazon,,-37.99,Credit,Chase,Prime
2025,January,01/10/2025,amazon,,-12.57,Credit,Chase,Prime
2025,January,01/10/2025,amazon,,-35.97,Credit,Chase,Prime
2025,January,01/03/2025,amazon,,-41.88,Credit,Chase,Prime
2025,January,01/03/2025,amazon,,-40.79,Credit,Chase,Prime
2025,January,01/04/2025,amazon,,-85.64,Credit,Chase,Prime
2024,December,12/30/2024,amazon,,-38.56,Credit,Chase,Prime
2024,December,12/26/2024,amazon prime,,-6.99,Credit,Chase,Prime
2024,December,12/20/2024,amazon,,-28.99,Credit,Chase,Prime
2024,December,12/10/2024,transfer,,120.51,Credit,Chase,Prime
2024,December,12/05/2024,amazon,,-10.67,Credit,Chase,Prime
2024,November,11/27/2024,amazon,,-14.89,Credit,Chase,Prime
2024,November,11/26/2024,amazon prime,,-6.99,Credit,Chase,Prime
2024,November,11/25/2024,amazon,,-87.96,Credit,Chase,Prime
2024,November,11/19/2024,transfer,,99.24,Credit,Chase,Prime
2024,November,11/14/2024,amazon,,-104.84,Credit,Chase,Prime
2024,November,11/14/2024,amazon,,-14.95,Credit,Chase,Prime
2024,November,11/10/2024,amazon,,-37.97,Credit,Chase,Prime
2024,November,11/04/2024,amazon,,-14.41,Credit,Chase,Prime
2024,September,09/24/2024,door dash pass,,-9.99,Credit,Chase,Prime
2024,October,10/24/2024,door dash pass,,9.99,Credit,Chase,Prime
2024,October,10/26/2024,transfer,,498.64,Credit,Chase,Prime
2024,October,10/26/2024,door dash pass,,9.99,Credit,Chase,Prime
2024,October,10/26/2024,amazon prime,,-6.99,Credit,Chase,Prime
2024,October,10/26/2024,door dash pass,,9.99,Credit,Chase,Prime
2024,October,10/26/2024,door dash pass,,9.99,Credit,Chase,Prime
2024,October,10/26/2024,door dash pass,,9.99,Credit,Chase,Prime
2024,October,10/26/2024,door dash pass,,9.99,Credit,Chase,Prime
2024,October,10/26/2024,door dash pass,,9.99,Credit,Chase,Prime
2024,October,10/26/2024,door dash pass,,9.99,Credit,Chase,Prime
2024,October,10/26/2024,door dash pass,,9.99,Credit,Chase,Prime
2024,October,10/24/2024,door dash pass,,-9.99,Credit,Chase,Prime
2024,October,10/22/2024,amazon,,-29.99,Credit,Chase,Prime
2024,October,10/20/2024,amazon,,-5.99,Credit,Chase,Prime
2024,October,10/20/2024,amazon,,-33.94,Credit,Chase,Prime
2024,October,10/17/2024,amazon,,-26.97,Credit,Chase,Prime
2024,October,10/18/2024,transfer,,43.98,Credit,Chase,Prime
2024,October,10/15/2024,amazon,,-84.22,Credit,Chase,Prime
2024,October,10/15/2024,amazon,,-171.03,Credit,Chase,Prime
2024,October,10/11/2024,amazon,,-12.98,Credit,Chase,Prime
2024,October,10/09/2024,amazon,,-21.74,Credit,Chase,Prime
2024,October,10/09/2024,amazon,,-39.48,Credit,Chase,Prime
2024,October,10/06/2024,amazon,,-62.31,Credit,Chase,Prime
2024,September,09/24/2024,door dash pass,,9.99,Credit,Chase,Prime
2024,September,09/30/2024,amazon,,-29.99,Credit,Chase,Prime
2024,September,09/26/2024,amazon prime,,-6.99,Credit,Chase,Prime
2024,September,09/26/2024,amazon,,-16.99,Credit,Chase,Prime
2024,September,09/25/2024,transfer,,227.09,Credit,Chase,Prime
2024,September,09/24/2024,door dash pass,,-9.99,Credit,Chase,Prime
2024,September,09/21/2024,amazon,,-17.99,Credit,Chase,Prime
2024,September,09/19/2024,amazon,,-7.89,Credit,Chase,Prime
2024,September,09/19/2024,amazon,,-9.67,Credit,Chase,Prime
2024,September,09/13/2024,amazon,,-44.47,Credit,Chase,Prime
2024,September,09/13/2024,amazon,,-38.99,Credit,Chase,Prime
2024,September,09/14/2024,amazon,,-53.73,Credit,Chase,Prime
2024,September,09/11/2024,amazon,,-9.99,Credit,Chase,Prime
2024,September,09/11/2024,amazon,,-9.99,Credit,Chase,Prime
2024,September,09/11/2024,amazon,,-20.38,Credit,Chase,Prime
2024,September,09/11/2024,amazon,,-4.0,Credit,Chase,Prime
2024,September,09/11/2024,transfer,,955.44,Credit,Chase,Prime
2024,September,09/09/2024,amazon,,-209.0,Credit,Chase,Prime
2024,September,09/05/2024,fairyloot,,34.9,Credit,Chase,Prime
2024,September,09/05/2024,amazon,,20.99,Credit,Chase,Prime
2024,September,09/05/2024,fairyloot,,-34.9,Credit,Chase,Prime
2024,September,09/04/2024,amazon,,-89.01,Credit,Chase,Prime
2024,September,09/04/2024,amazon,,-221.44,Credit,Chase,Prime
2024,June,06/24/2024,cricut,,9.99,Credit,Chase,Prime
2024,August,08/31/2024,amazon,,-24.03,Credit,Chase,Prime
2024,August,08/29/2024,amazon,,-89.39,Credit,Chase,Prime
2024,August,08/27/2024,amazon,,-14.95,Credit,Chase,Prime
2024,August,08/26/2024,amazon prime,,-6.99,Credit,Chase,Prime
2024,August,08/26/2024,amazon,,-6.29,Credit,Chase,Prime
2024,August,08/26/2024,amazon,,-199.98,Credit,Chase,Prime
2024,August,08/25/2024,amazon,,-10.0,Credit,Chase,Prime
2024,August,08/26/2024,amazon,,-56.93,Credit,Chase,Prime
2024,August,08/24/2024,door dash pass,,-9.99,Credit,Chase,Prime
2024,August,08/21/2024,transfer,,80.58,Credit,Chase,Prime
2024,August,08/14/2024,amazon,,-48.42,Credit,Chase,Prime
2024,July,07/24/2024,door dash pass,,-9.99,Credit,Chase,Prime
2024,July,07/19/2024,amazon,,-59.8,Credit,Chase,Prime
2024,July,07/19/2024,amazon,,-10.79,Credit,Chase,Prime
2024,July,07/13/2024,transfer,,200.95,Credit,Chase,Prime
2024,July,07/09/2024,amazon,,-38.98,Credit,Chase,Prime
2024,July,07/05/2024,fairyloot,,34.9,Credit,Chase,Prime
2024,July,07/05/2024,fairyloot,,-34.9,Credit,Chase,Prime
2024,July,07/02/2024,costco,,-120.0,Credit,Chase,Prime
2024,July,07/02/2024,amazon,,-31.98,Credit,Chase,Prime
2024,June,06/25/2024,transfer,,9.99,Credit,Chase,Prime
2024,June,06/24/2024,cricut,,-9.99,Credit,Chase,Prime
2024,June,06/24/2024,door dash pass,,-9.99,Credit,Chase,Prime
2024,June,06/19/2024,transfer,,785.82,Credit,Chase,Prime
2024,June,06/06/2024,fairyloot,,-38.0,Credit,Chase,Prime
2024,June,06/04/2024,amazon,,-26.39,Credit,Chase,Prime
2024,June,06/01/2024,mud bay,,-60.99,Credit,Chase,Prime
2024,June,06/02/2024,fred-meyer,,-18.9,Credit,Chase,Prime
2024,June,06/01/2024,asian family market,,-11.56,Credit,Chase,Prime
2024,June,06/01/2024,costco,,24.99,Credit,Chase,Prime
2024,May,05/29/2024,chipotle,,-10.05,Credit,Chase,Prime
2024,May,05/27/2024,safeway,,-3.28,Credit,Chase,Prime
2024,May,05/26/2024,amazon prime,,-6.99,Credit,Chase,Prime
2024,May,05/24/2024,cricut,,-9.99,Credit,Chase,Prime
2024,May,05/25/2024,hmart,,-54.16,Credit,Chase,Prime
2024,May,05/24/2024,jack in the box,,-9.99,Credit,Chase,Prime
2024,May,05/24/2024,door dash pass,,-9.99,Credit,Chase,Prime
2024,May,05/21/2024,amazon,,-11.86,Credit,Chase,Prime
2024,May,05/21/2024,amazon,,-65.84,Credit,Chase,Prime
2024,May,05/19/2024,transfer,,1352.69,Credit,Chase,Prime
2024,May,05/17/2024,tj maxx,,-57.99,Credit,Chase,Prime
2024,May,05/17/2024,craft warehouse,,-16.96,Credit,Chase,Prime
2024,May,05/16/2024,amazon,,-3.99,Credit,Chase,Prime
2024,May,05/16/2024,amazon,,-34.96,Credit,Chase,Prime
2024,May,05/11/2024,outback,,-90.8,Credit,Chase,Prime
2024,May,05/05/2024,safeway,,-6.81,Credit,Chase,Prime
2024,May,05/05/2024,amazon,,20.98,Credit,Chase,Prime
2024,May,05/04/2024,next level pinball,,-44.0,Credit,Chase,Prime
2024,May,05/05/2024,amelia's mexican,,-47.77,Credit,Chase,Prime
2024,May,05/05/2024,fairyloot,,-34.9,Credit,Chase,Prime
2024,May,05/05/2024,amazon,,-18.98,Credit,Chase,Prime
2024,May,05/01/2024,amazon,,-21.55,Credit,Chase,Prime
2024,May,05/01/2024,amazon,,-24.99,Credit,Chase,Prime
2024,April,04/26/2024,amazon prime,,-6.99,Credit,Chase,Prime
2024,April,04/25/2024,mcdonalds,,-12.16,Credit,Chase,Prime
2024,April,04/25/2024,amazon,,-18.0,Credit,Chase,Prime
2024,April,04/25/2024,door dash pass,,-9.99,Credit,Chase,Prime
2024,April,04/24/2024,cricut,,-9.99,Credit,Chase,Prime
2024,April,04/24/2024,amazon,,-11.99,Credit,Chase,Prime
2024,April,04/21/2024,amazon,,-22.99,Credit,Chase,Prime
2024,April,04/20/2024,retro game trader,,-15.0,Credit,Chase,Prime
2024,April,04/20/2024,retro game trader,,-103.0,Credit,Chase,Prime
2024,April,04/19/2024,fred-meyer,,-1.08,Credit,Chase,Prime
2024,April,04/19/2024,trader joe s,,-28.43,Credit,Chase,Prime
2024,April,04/19/2024,uwajimaya,,-35.0,Credit,Chase,Prime
2024,April,04/19/2024,kizuki ramen,,-44.5,Credit,Chase,Prime
2024,April,04/19/2024,transfer,,1544.09,Credit,Chase,Prime
2024,April,04/15/2024,screen door,,-102.0,Credit,Chase,Prime
2024,April,04/15/2024,portland japanese garden,,-43.9,Credit,Chase,Prime
2024,April,04/15/2024,portland japanese garden,,-18.0,Credit,Chase,Prime
2024,April,04/14/2024,amazon,,-11.59,Credit,Chase,Prime
2024,April,04/12/2024,mud bay,,-60.99,Credit,Chase,Prime
2024,April,04/13/2024,craft warehouse,,-19.99,Credit,Chase,Prime
2024,April,04/12/2024,fat schlags,,-6.5,Credit,Chase,Prime
2024,April,04/13/2024,fred-meyer,,-0.99,Credit,Chase,Prime
2024,April,04/12/2024,nomad leather,,-55.0,Credit,Chase,Prime
2024,April,04/12/2024,nectar frozen yogurt,,-8.84,Credit,Chase,Prime
2024,April,04/13/2024,lowes,,-18.86,Credit,Chase,Prime
2024,April,04/12/2024,afton tickets,,-40.0,Credit,Chase,Prime
2024,April,04/10/2024,mcdonalds,,-5.75,Credit,Chase,Prime
2024,April,04/10/2024,mcdonalds,,-1.49,Credit,Chase,Prime
2024,April,04/10/2024,amazon,,-14.75,Credit,Chase,Prime
2024,April,04/07/2024,safeway,,-21.46,Credit,Chase,Prime
2024,April,04/07/2024,safeway,,-7.88,Credit,Chase,Prime
2024,April,04/07/2024,paxton gate,,-5.0,Credit,Chase,Prime
2024,April,04/06/2024,paper source,,-17.45,Credit,Chase,Prime
2024,April,04/04/2024,safeway,,-26.63,Credit,Chase,Prime
2024,April,04/05/2024,pelican brewing,,-76.57,Credit,Chase,Prime
2024,April,04/06/2024,the meadow,,-37.0,Credit,Chase,Prime
2024,April,04/06/2024,usps,,-12.19,Credit,Chase,Prime
2024,April,04/04/2024,mcdonalds,,-4.65,Credit,Chase,Prime
2024,April,04/04/2024,the knock back,,-9.0,Credit,Chase,Prime
2024,April,04/05/2024,fairyloot,,-34.9,Credit,Chase,Prime
2024,April,04/02/2024,urbanite,,-15.0,Credit,Chase,Prime
2024,April,04/02/2024,salt & pepper,,-107.8,Credit,Chase,Prime
2024,March,03/31/2024,safeway,,-6.43,Credit,Chase,Prime
2024,March,03/31/2024,safeway,,-30.37,Credit,Chase,Prime
2024,March,03/31/2024,amazon,,-25.63,Credit,Chase,Prime
2024,March,03/30/2024,tea & tea,,-14.0,Credit,Chase,Prime
2024,March,03/30/2024,chipotle,,-19.6,Credit,Chase,Prime
2024,March,03/28/2024,mcdonalds,,-5.85,Credit,Chase,Prime
2024,March,03/28/2024,amazon,,-12.48,Credit,Chase,Prime
2024,March,03/28/2024,new seasons market,,-1.84,Credit,Chase,Prime
2024,March,03/28/2024,mcdonalds,,-1.49,Credit,Chase,Prime
2024,March,03/28/2024,amazon,,-53.98,Credit,Chase,Prime
2024,March,03/26/2024,amazon prime,,-6.99,Credit,Chase,Prime
2024,March,03/23/2024,bubble n tea,,-6.0,Credit,Chase,Prime
2024,March,03/24/2024,cricut,,-9.99,Credit,Chase,Prime
2024,March,03/25/2024,door dash pass,,-9.99,Credit,Chase,Prime
2024,March,03/21/2024,pho van,,-59.85,Credit,Chase,Prime
2024,March,03/22/2024,osu graduate school,,-75.0,Credit,Chase,Prime
2024,March,03/19/2024,transfer,,1269.96,Credit,Chase,Prime
2024,March,03/17/2024,fred meyer,,-37.18,Credit,Chase,Prime
2024,March,03/15/2024,adidas,,-440.0,Credit,Chase,Prime
2024,March,03/14/2024,maiale rosa wood fire,,-52.8,Credit,Chase,Prime
2024,March,03/12/2024,bubble n tea,,-6.0,Credit,Chase,Prime
2024,March,03/12/2024,fred meyer,,-22.25,Credit,Chase,Prime
2024,March,03/11/2024,mcdonalds,,-3.9,Credit,Chase,Prime
2024,March,03/11/2024,usps,,-1.27,Credit,Chase,Prime
2024,March,03/10/2024,costco,,-39.16,Credit,Chase,Prime
2024,March,03/10/2024,costco,,-195.44,Credit,Chase,Prime
2024,March,03/08/2024,amazon,,-7.89,Credit,Chase,Prime
2024,March,03/10/2024,love's,,-10.0,Credit,Chase,Prime
2024,March,03/08/2024,amazon,,-75.14,Credit,Chase,Prime
2024,March,03/08/2024,amazon prime,,5.99,Credit,Chase,Prime
2024,March,03/06/2024,cindys hallmark,,-20.56,Credit,Chase,Prime
2024,March,03/06/2024,century theatres,,-7.6,Credit,Chase,Prime
2024,March,03/08/2024,amazon prime,,-5.99,Credit,Chase,Prime
2024,March,03/06/2024,krispy kreme,,-11.2,Credit,Chase,Prime
2024,March,03/06/2024,oswego grill,,-94.04,Credit,Chase,Prime
2024,March,03/06/2024,cinemark,,-24.28,Credit,Chase,Prime
2024,March,03/07/2024,fairyloot,,-34.9,Credit,Chase,Prime
2024,March,03/04/2024,safeway,,-40.91,Credit,Chase,Prime
2024,March,03/03/2024,mcdonalds,,-5.0,Credit,Chase,Prime
2024,March,03/03/2024,mcdonalds,,-4.19,Credit,Chase,Prime
2024,March,03/01/2024,safeway,,-19.14,Credit,Chase,Prime
2024,March,03/02/2024,dollar tree,,-20.0,Credit,Chase,Prime
2024,March,03/01/2024,amazon,,-13.74,Credit,Chase,Prime
2024,March,03/01/2024,dollar tree,,-13.75,Credit,Chase,Prime
2024,March,03/01/2024,handels homemade,,-13.7,Credit,Chase,Prime
2024,February,02/28/2024,fairyloot,,-37.9,Credit,Chase,Prime
2024,February,02/27/2024,el campesino,,-7.71,Credit,Chase,Prime
2024,February,02/27/2024,salt & pepper,,-54.05,Credit,Chase,Prime
2024,February,02/26/2024,amazon prime,,-6.99,Credit,Chase,Prime
2024,February,02/25/2024,amazon,,-20.98,Credit,Chase,Prime
2024,February,02/24/2024,safeway,,-24.66,Credit,Chase,Prime
2024,February,02/22/2024,safeway,,-16.53,Credit,Chase,Prime
2024,February,02/24/2024,cricut,,-9.99,Credit,Chase,Prime
2024,February,02/22/2024,tom's pancake house,,-23.59,Credit,Chase,Prime
2024,February,02/24/2024,amazon,,-27.99,Credit,Chase,Prime
2024,February,02/25/2024,amazon,,-25.99,Credit,Chase,Prime
2024,February,02/25/2024,door dash pass,,-9.99,Credit,Chase,Prime
2024,February,02/25/2024,amazon,,-19.79,Credit,Chase,Prime
2024,February,02/22/2024,fairyloot,,-37.9,Credit,Chase,Prime
2024,February,02/20/2024,kfc,,-30.99,Credit,Chase,Prime
2024,February,02/18/2024,safeway,,-16.26,Credit,Chase,Prime
2024,February,02/19/2024,transfer,,311.61,Credit,Chase,Prime
2024,February,02/18/2024,carls jr,,-3.99,Credit,Chase,Prime
2024,February,02/18/2024,amazon,,-6.65,Credit,Chase,Prime
2024,February,02/18/2024,steam,,-9.99,Credit,Chase,Prime
2024,February,02/15/2024,mud bay,,-61.99,Credit,Chase,Prime
2024,February,02/15/2024,asian family market,,-18.47,Credit,Chase,Prime
2024,February,02/15/2024,fred meyer,,-5.69,Credit,Chase,Prime
2024,February,02/15/2024,fedex,,-0.19,Credit,Chase,Prime
2024,February,02/15/2024,uwajimaya,,-4.38,Credit,Chase,Prime
2024,February,02/16/2024,etsy,,-10.94,Credit,Chase,Prime
2024,February,02/14/2024,costco,,-38.23,Credit,Chase,Prime
2024,February,02/13/2024,safeway,,-28.34,Credit,Chase,Prime
2024,February,02/13/2024,safeway,,-2.0,Credit,Chase,Prime
2024,February,02/13/2024,amazon,,-13.99,Credit,Chase,Prime
2024,February,02/12/2024,costco,,-36.75,Credit,Chase,Prime
2024,February,02/12/2024,costco,,-13.89,Credit,Chase,Prime
2024,February,02/12/2024,fred meyer,,-9.98,Credit,Chase,Prime
2024,February,02/09/2024,din tai fung,,-71.98,Credit,Chase,Prime
2024,February,02/10/2024,kindle,,-11.99,Credit,Chase,Prime
2024,February,02/08/2024,goodwill,,-2.45,Credit,Chase,Prime
2024,February,02/09/2024,panda express,,-8.9,Credit,Chase,Prime
2024,February,02/08/2024,fedex,,-0.76,Credit,Chase,Prime
2024,February,02/08/2024,tj maxx,,-36.96,Credit,Chase,Prime
2024,February,02/08/2024,new seasons market,,-5.98,Credit,Chase,Prime
2024,February,02/08/2024,amazon,,-5.54,Credit,Chase,Prime
2024,February,02/07/2024,etsy,,-33.44,Credit,Chase,Prime
2024,February,02/06/2024,amazon,,-8.99,Credit,Chase,Prime
2024,February,02/04/2024,oregon symphony,,-110.0,Credit,Chase,Prime
2024,February,02/03/2024,asian family market,,-18.23,Credit,Chase,Prime
2024,February,02/05/2024,fairyloot,,-34.9,Credit,Chase,Prime
2024,February,02/03/2024,costco,,-96.76,Credit,Chase,Prime
2024,February,02/02/2024,safeway,,-45.11,Credit,Chase,Prime
2024,February,02/01/2024,barnes & noble,,22.0,Credit,Chase,Prime
2024,February,02/01/2024,mi linda puebla',,-14.32,Credit,Chase,Prime
2024,February,02/01/2024,pip's doughnuts,,-18.34,Credit,Chase,Prime
2024,January,01/31/2024,multnomah falls,,25.99,Credit,Chase,Prime
2024,January,01/31/2024,multnomah falls,,-25.99,Credit,Chase,Prime
2024,January,01/31/2024,carver cafe,,-42.45,Credit,Chase,Prime
2024,January,01/30/2024,fedex,,-0.19,Credit,Chase,Prime
2024,January,01/29/2024,panda express,,-14.6,Credit,Chase,Prime
2024,January,01/29/2024,panda express,,-10.4,Credit,Chase,Prime
2024,January,01/28/2024,mediterranean restaurant,,-15.0,Credit,Chase,Prime
2024,January,01/26/2024,tom's pancake house,,-40.78,Credit,Chase,Prime
2024,January,01/25/2024,home depot,,-14.41,Credit,Chase,Prime
2024,January,01/26/2024,fedex,,-0.19,Credit,Chase,Prime
2024,January,01/26/2024,amazon prime,,-6.99,Credit,Chase,Prime
2024,January,01/25/2024,paper source,,-44.0,Credit,Chase,Prime
2024,January,01/24/2024,amazon,,-24.99,Credit,Chase,Prime
2024,January,01/25/2024,door dash pass,,-9.99,Credit,Chase,Prime
2024,January,01/25/2024,amazon,,-29.77,Credit,Chase,Prime
2024,January,01/24/2024,cricut,,-9.99,Credit,Chase,Prime
2024,January,01/22/2024,ross,,-19.99,Credit,Chase,Prime
2024,January,01/23/2024,amazon,,-11.55,Credit,Chase,Prime
2024,January,01/22/2024,mcdonalds,,-2.4,Credit,Chase,Prime
2024,January,01/22/2024,mcdonalds,,-3.9,Credit,Chase,Prime
2024,January,01/21/2024,safeway,,-62.0,Credit,Chase,Prime
2024,January,01/23/2024,amazon,,-49.0,Credit,Chase,Prime
2024,January,01/21/2024,fred meyer,,-10.97,Credit,Chase,Prime
2024,January,01/18/2024,fairyloot,,-37.9,Credit,Chase,Prime
2024,January,01/15/2024,safeway,,-73.93,Credit,Chase,Prime
2024,January,01/15/2024,trader joe s,,-26.18,Credit,Chase,Prime
2024,January,01/15/2024,costco,,-27.26,Credit,Chase,Prime
2024,January,01/15/2024,batteries plus,,-14.94,Credit,Chase,Prime
2024,January,01/12/2024,goodwill,,-12.96,Credit,Chase,Prime
2024,January,01/12/2024,tom's pancake house,,-29.81,Credit,Chase,Prime
2024,January,01/10/2024,fedex,,-0.19,Credit,Chase,Prime
2024,January,01/10/2024,kindle,,-11.99,Credit,Chase,Prime
2024,January,01/09/2024,trader joe s,,-3.79,Credit,Chase,Prime
2024,January,01/09/2024,fedex,,-0.19,Credit,Chase,Prime
2024,January,01/08/2024,mercari,,-30.5,Credit,Chase,Prime
2024,January,01/07/2024,binary brewing,,-14.0,Credit,Chase,Prime
2024,January,01/04/2024,mud bay,,-61.99,Credit,Chase,Prime
2024,January,01/04/2024,honeybaked ham,,-3.0,Credit,Chase,Prime
2024,January,01/06/2024,transfer,,2362.83,Credit,Chase,Prime
2024,January,01/04/2024,fedex,,-0.19,Credit,Chase,Prime
2024,January,01/04/2024,uwajimaya,,-24.49,Credit,Chase,Prime
2024,January,01/04/2024,steam,,-7.49,Credit,Chase,Prime
2024,January,01/01/2024,carls jr,,-12.98,Credit,Chase,Prime
2023,December,12/31/2023,salt & straw,,-14.55,Credit,Chase,Prime
2023,December,12/28/2023,usps,,-15.75,Credit,Chase,Prime
2023,December,12/28/2023,red robin,,-46.56,Credit,Chase,Prime
2023,December,12/28/2023,fedex,,-0.19,Credit,Chase,Prime
2023,December,12/28/2023,fedex,,-0.57,Credit,Chase,Prime
2023,December,12/27/2023,fedex,,-3.99,Credit,Chase,Prime
2023,December,12/27/2023,fedex,,-0.19,Credit,Chase,Prime
2023,December,12/27/2023,ups,,-3.5,Credit,Chase,Prime
2023,December,12/26/2023,amazon prime,,-6.99,Credit,Chase,Prime
2023,December,12/26/2023,steam,,-33.99,Credit,Chase,Prime
2023,December,12/25/2023,etsy,,-70.15,Credit,Chase,Prime
2023,December,12/24/2023,cricut,,-9.99,Credit,Chase,Prime
2023,December,12/25/2023,door dash pass,,-9.99,Credit,Chase,Prime
2023,December,12/23/2023,etsy,,-31.84,Credit,Chase,Prime
2023,December,12/23/2023,prime taphouse,,-49.99,Credit,Chase,Prime
2023,December,12/21/2023,costco,,-9.95,Credit,Chase,Prime
2023,December,12/20/2023,tj maxx,,-122.01,Credit,Chase,Prime
2023,December,12/20/2023,fastrak,,-7.0,Credit,Chase,Prime
2023,December,12/21/2023,xfinity internet,,6.94,Credit,Chase,Prime
2023,December,12/19/2023,costco,,-41.42,Credit,Chase,Prime
2023,December,12/19/2023,amazon,,-99.24,Credit,Chase,Prime
2023,December,12/19/2023,fedex,,-0.19,Credit,Chase,Prime
2023,December,12/19/2023,transfer,,1248.24,Credit,Chase,Prime
2023,December,12/19/2023,steam,,-19.78,Credit,Chase,Prime
2023,December,12/15/2023,andrews flowers,,-25.0,Credit,Chase,Prime
2023,December,12/15/2023,starbucks,,-5.25,Credit,Chase,Prime
2023,December,12/15/2023,office depot,,-6.99,Credit,Chase,Prime
2023,December,12/13/2023,gas,,-32.23,Credit,Chase,Prime
2023,December,12/13/2023,gas,,-8.68,Credit,Chase,Prime
2023,December,12/14/2023,boxer ramen,,-38.5,Credit,Chase,Prime
2023,December,12/13/2023,gas,,-27.51,Credit,Chase,Prime
2023,December,12/13/2023,pet food express,,-18.0,Credit,Chase,Prime
2023,December,12/12/2023,lowes,,-5.04,Credit,Chase,Prime
2023,December,12/11/2023,lowes,,6.12,Credit,Chase,Prime
2023,December,12/12/2023,costco,,-20.05,Credit,Chase,Prime
2023,December,12/12/2023,fairyloot,,-36.9,Credit,Chase,Prime
2023,December,12/12/2023,brickyard counter,,-36.56,Credit,Chase,Prime
2023,December,12/11/2023,car-izma,,-26.99,Credit,Chase,Prime
2023,December,12/12/2023,amazon,,-25.14,Credit,Chase,Prime
2023,December,12/10/2023,lowes,,-26.55,Credit,Chase,Prime
2023,December,12/10/2023,barnes & noble,,-13.93,Credit,Chase,Prime
2023,December,12/10/2023,amazon,,-12.79,Credit,Chase,Prime
2023,December,12/10/2023,costco,,-49.32,Credit,Chase,Prime
2023,December,12/09/2023,gas,,-7.5,Credit,Chase,Prime
2023,December,12/08/2023,dollar tree,,-9.04,Credit,Chase,Prime
2023,December,12/08/2023,safeway,,-13.5,Credit,Chase,Prime
2023,December,12/06/2023,goldorado,,-35.03,Credit,Chase,Prime
2023,December,12/06/2023,in-n-out,,-17.0,Credit,Chase,Prime
2023,December,12/05/2023,lazy dog,,-79.15,Credit,Chase,Prime
2023,December,12/03/2023,bonkers toys,,-6.48,Credit,Chase,Prime
2023,December,12/05/2023,fairyloot,,-34.9,Credit,Chase,Prime
2023,December,12/04/2023,tj maxx,,-32.15,Credit,Chase,Prime
2023,December,12/03/2023,home depot,,-27.55,Credit,Chase,Prime
2023,December,12/03/2023,in-n-out,,-17.62,Credit,Chase,Prime
2023,November,11/30/2023,staples,,-0.25,Credit,Chase,Prime
2023,December,12/01/2023,tj maxx,,-42.88,Credit,Chase,Prime
2023,December,12/02/2023,thai paradise,,-53.81,Credit,Chase,Prime
2023,November,11/30/2023,ups,,-30.0,Credit,Chase,Prime
2023,November,11/29/2023,el dorado disposal,,-81.03,Credit,Chase,Prime
2023,November,11/30/2023,amazon,,-9.92,Credit,Chase,Prime
2023,November,11/29/2023,in-n-out,,-19.99,Credit,Chase,Prime
2023,November,11/29/2023,dollar tree,,-8.04,Credit,Chase,Prime
2023,November,11/28/2023,key mel ock smiths,,18.21,Credit,Chase,Prime
2023,November,11/27/2023,coldstone,,-17.74,Credit,Chase,Prime
2023,November,11/27/2023,big lots,,-10.39,Credit,Chase,Prime
2023,November,11/26/2023,bel air,,-24.54,Credit,Chase,Prime
2023,November,11/27/2023,thai paradise,,-45.92,Credit,Chase,Prime
2023,November,11/27/2023,key mel ock smiths,,-18.21,Credit,Chase,Prime
2023,November,11/26/2023,amazon,,-19.79,Credit,Chase,Prime
2023,November,11/26/2023,amazon prime,,-7.5,Credit,Chase,Prime
2023,November,11/26/2023,amazon,,-18.07,Credit,Chase,Prime
2023,November,11/27/2023,xfinity internet,,-25.0,Credit,Chase,Prime
2023,November,11/25/2023,steam,,-36.82,Credit,Chase,Prime
2023,November,11/25/2023,door dash pass,,-9.99,Credit,Chase,Prime
2023,November,11/24/2023,surplus,,-112.38,Credit,Chase,Prime
2023,November,11/24/2023,cricut,,-369.0,Credit,Chase,Prime
2023,November,11/24/2023,gas,,-28.75,Credit,Chase,Prime
2023,November,11/24/2023,barnes & noble,,-32.8,Credit,Chase,Prime
2023,November,11/23/2023,in-n-out,,-8.62,Credit,Chase,Prime
2023,November,11/21/2023,lopez taqueria,,-27.21,Credit,Chase,Prime
2023,November,11/21/2023,gas,,-28.44,Credit,Chase,Prime
2023,November,11/21/2023,gas,,-42.77,Credit,Chase,Prime
2023,November,11/21/2023,sunnyvale smog center,,-58.0,Credit,Chase,Prime
2023,November,11/21/2023,petco,,-19.62,Credit,Chase,Prime
2023,November,11/20/2023,dutch bros,,-15.2,Credit,Chase,Prime
2023,November,11/20/2023,costco,,-17.98,Credit,Chase,Prime
2023,November,11/21/2023,mercari,,-74.3,Credit,Chase,Prime
2023,November,11/19/2023,transfer,,610.44,Credit,Chase,Prime
2023,November,11/18/2023,hmart,,-5.18,Credit,Chase,Prime
2023,November,11/16/2023,little big burger,,-19.5,Credit,Chase,Prime
2023,November,11/13/2023,fairyloot,,-121.4,Credit,Chase,Prime
2023,November,11/09/2023,mercari,,-190.0,Credit,Chase,Prime
2023,November,11/09/2023,amazon,,-15.97,Credit,Chase,Prime
2023,November,11/08/2023,costco,,-126.43,Credit,Chase,Prime
2023,November,11/06/2023,ross,,-25.96,Credit,Chase,Prime
2023,November,11/07/2023,barnes & noble,,-92.97,Credit,Chase,Prime
2023,November,11/06/2023,amazon,,-19.79,Credit,Chase,Prime
2023,November,11/06/2023,amazon,,-4.63,Credit,Chase,Prime
2023,November,11/01/2023,mud bay,,-61.99,Credit,Chase,Prime
2023,November,11/01/2023,fred meyer,,-24.26,Credit,Chase,Prime
2023,October,10/26/2023,amazon prime,,-7.5,Credit,Chase,Prime
2023,October,10/26/2023,paypal,,-125.0,Credit,Chase,Prime
2023,October,10/25/2023,tj maxx,,-15.99,Credit,Chase,Prime
2023,October,10/25/2023,topaz farm,,-23.52,Credit,Chase,Prime
2023,October,10/24/2023,daves hot chicken,,-12.58,Credit,Chase,Prime
2023,October,10/23/2023,tj maxx,,7.99,Credit,Chase,Prime
2023,October,10/23/2023,batter up,,-16.15,Credit,Chase,Prime
2023,October,10/25/2023,door dash dashpass,,-9.99,Credit,Chase,Prime
2023,October,10/23/2023,best teriyaki,,-13.75,Credit,Chase,Prime
2023,October,10/23/2023,tj maxx,,-38.97,Credit,Chase,Prime
2023,October,10/21/2023,home depot,,-17.52,Credit,Chase,Prime
2023,October,10/20/2023,costco,,-2.68,Credit,Chase,Prime
2023,October,10/20/2023,home depot,,6.28,Credit,Chase,Prime
2023,October,10/20/2023,home depot,,-41.13,Credit,Chase,Prime
2023,October,10/20/2023,bubble n tea,,-6.0,Credit,Chase,Prime
2023,October,10/21/2023,tj maxx,,-123.89,Credit,Chase,Prime
2023,October,10/20/2023,home depot,,-20.09,Credit,Chase,Prime
2023,October,10/19/2023,transfer,,1659.25,Credit,Chase,Prime
2023,October,10/10/2023,amazon,,-120.99,Credit,Chase,Prime
2023,October,10/10/2023,amazon,,-135.38,Credit,Chase,Prime
2023,October,10/09/2023,home depot,,29.98,Credit,Chase,Prime
2023,October,10/04/2023,carls jr,,-4.99,Credit,Chase,Prime
2023,October,10/02/2023,color me mine,,-91.1,Credit,Chase,Prime
2023,September,09/26/2023,amazon prime,,-7.5,Credit,Chase,Prime
2023,September,09/24/2023,door dash,,-30.98,Credit,Chase,Prime
2023,September,09/24/2023,door dash dashpass,,-9.99,Credit,Chase,Prime
2023,September,09/23/2023,steam,,-29.99,Credit,Chase,Prime
2023,September,09/21/2023,wal-mart,,-28.86,Credit,Chase,Prime
2023,September,09/21/2023,panda express,,-9.9,Credit,Chase,Prime
2023,September,09/21/2023,amazon,,-12.98,Credit,Chase,Prime
2023,September,09/19/2023,home depot,,-45.94,Credit,Chase,Prime
2023,September,09/20/2023,red robin,,-47.44,Credit,Chase,Prime
2023,September,09/18/2023,amazon,,-198.98,Credit,Chase,Prime
2023,September,09/18/2023,amazon,,-74.19,Credit,Chase,Prime
2023,September,09/18/2023,amazon,,-16.6,Credit,Chase,Prime
2023,September,09/16/2023,costco,,-6.97,Credit,Chase,Prime
2023,September,09/16/2023,ikea,,-138.0,Credit,Chase,Prime
2023,September,09/13/2023,homedepot,,-340.56,Credit,Chase,Prime
2023,September,09/12/2023,carls jr,,-6.0,Credit,Chase,Prime
2023,September,09/13/2023,panda express,,-19.2,Credit,Chase,Prime
2023,September,09/12/2023,door dash,,-14.46,Credit,Chase,Prime
2023,September,09/12/2023,door dash,,-16.29,Credit,Chase,Prime
2023,September,09/11/2023,mud bay,,-61.99,Credit,Chase,Prime
2023,September,09/10/2023,goodwill,,-10.97,Credit,Chase,Prime
2023,September,09/10/2023,target,,-23.99,Credit,Chase,Prime
2023,September,09/10/2023,amazon,,-13.42,Credit,Chase,Prime
2023,September,09/10/2023,amazon,,-37.11,Credit,Chase,Prime
2023,September,09/10/2023,el campesino,,-30.78,Credit,Chase,Prime
2023,September,09/10/2023,salt & pepper,,-51.0,Credit,Chase,Prime
2023,September,09/08/2023,amazon,,-30.87,Credit,Chase,Prime
2023,September,09/08/2023,amazon,,-21.99,Credit,Chase,Prime
2023,September,09/08/2023,amazon,,45.99,Credit,Chase,Prime
2023,September,09/06/2023,steam,,-69.99,Credit,Chase,Prime
2023,September,09/05/2023,door dash,,-15.57,Credit,Chase,Prime
2023,September,09/06/2023,ancestry,,-69.95,Credit,Chase,Prime
2023,September,09/05/2023,costco,,-53.38,Credit,Chase,Prime
2023,September,09/05/2023,amazon,,-45.99,Credit,Chase,Prime
2023,September,09/05/2023,door dash,,-13.65,Credit,Chase,Prime
2023,September,09/05/2023,amazon,,-45.99,Credit,Chase,Prime
2023,September,09/03/2023,amazon,,-119.99,Credit,Chase,Prime
2023,September,09/02/2023,amazon,,-8.78,Credit,Chase,Prime
2023,September,09/02/2023,amazon,,-5.94,Credit,Chase,Prime
2023,September,09/02/2023,transfer,,3939.97,Credit,Chase,Prime
2023,September,09/01/2023,salt & pepper,,-27.5,Credit,Chase,Prime
2023,August,08/31/2023,etsy,,-193.81,Credit,Chase,Prime
2023,August,08/31/2023,rovente pizzeria,,-20.5,Credit,Chase,Prime
2023,August,08/28/2023,steam,,-19.99,Credit,Chase,Prime
2023,August,08/27/2023,ross,,-57.34,Credit,Chase,Prime
2023,August,08/27/2023,amazon,,-36.99,Credit,Chase,Prime
2023,August,08/27/2023,tj maxx,,-27.98,Credit,Chase,Prime
2023,August,08/27/2023,amazon,,-3.0,Credit,Chase,Prime
2023,August,08/28/2023,amazon,,-13.99,Credit,Chase,Prime
2023,August,08/28/2023,amazon,,-37.58,Credit,Chase,Prime
2023,August,08/25/2023,bubble n tea,,-13.75,Credit,Chase,Prime
2023,August,08/25/2023,costco,,-11.99,Credit,Chase,Prime
2023,August,08/25/2023,costco,,-1577.39,Credit,Chase,Prime
2023,August,08/26/2023,usps,,-1.1,Credit,Chase,Prime
2023,August,08/25/2023,costco,,-352.59,Credit,Chase,Prime
2023,August,08/26/2023,usps,,-1.1,Credit,Chase,Prime
2023,August,08/26/2023,amazon,,-18.99,Credit,Chase,Prime
2023,August,08/25/2023,door dash,,-11.21,Credit,Chase,Prime
2023,August,08/26/2023,costco,,20.98,Credit,Chase,Prime
2023,August,08/26/2023,amazon prime,,-7.5,Credit,Chase,Prime
2023,August,08/25/2023,door dash,,-9.71,Credit,Chase,Prime
2023,August,08/25/2023,amazon,,-48.6,Credit,Chase,Prime
2023,August,08/25/2023,costco,,-39.88,Credit,Chase,Prime
2023,August,08/24/2023,dollar tree,,-8.75,Credit,Chase,Prime
2023,August,08/24/2023,amazon,,35.45,Credit,Chase,Prime
2023,August,08/24/2023,amazon,,45.0,Credit,Chase,Prime
2023,August,08/22/2023,office depot,,-26.19,Credit,Chase,Prime
2023,August,08/23/2023,costco,,-52.36,Credit,Chase,Prime
2023,August,08/21/2023,costco,,-226.32,Credit,Chase,Prime
2023,August,08/21/2023,door dash,,-22.9,Credit,Chase,Prime
2023,August,08/19/2023,bath and body works,,-42.9,Credit,Chase,Prime
2023,August,08/17/2023,safeway,,-7.99,Credit,Chase,Prime
2023,August,08/19/2023,costco,,-43.25,Credit,Chase,Prime
2023,August,08/19/2023,costco,,-115.67,Credit,Chase,Prime
2023,August,08/19/2023,mud bay,,-24.48,Credit,Chase,Prime
2023,August,08/15/2023,tj maxx,,-18.97,Credit,Chase,Prime
2023,August,08/15/2023,mud bay,,-49.96,Credit,Chase,Prime
2023,August,08/14/2023,safeway,,-4.99,Credit,Chase,Prime
2023,August,08/14/2023,costco,,-40.76,Credit,Chase,Prime
2023,August,08/13/2023,grid bar,,-54.51,Credit,Chase,Prime
2023,August,08/14/2023,costco,,-53.46,Credit,Chase,Prime
2023,August,08/10/2023,in-n-out,,-17.62,Credit,Chase,Prime
2023,August,08/10/2023,dsw,,-27.57,Credit,Chase,Prime
2023,August,08/10/2023,safeway,,-61.24,Credit,Chase,Prime
2023,August,08/10/2023,costco,,-25.72,Credit,Chase,Prime
2023,August,08/09/2023,coursra,,49.0,Credit,Chase,Prime
2023,August,08/08/2023,home depot,,-26.5,Credit,Chase,Prime
2023,August,08/08/2023,home depot,,-48.93,Credit,Chase,Prime
2023,August,08/04/2023,coursra,,49.0,Credit,Chase,Prime
2023,August,08/07/2023,in-n-out,,-20.26,Credit,Chase,Prime
2023,August,08/08/2023,66 standard plumbing,,-21.55,Credit,Chase,Prime
2023,August,08/05/2023,u-haul,,12.0,Credit,Chase,Prime
2023,August,08/05/2023,u-haul,,7.0,Credit,Chase,Prime
2023,August,08/07/2023,costco,,-53.72,Credit,Chase,Prime
2023,August,08/05/2023,u-haul,,-7.0,Credit,Chase,Prime
2023,August,08/05/2023,costco,,-33.81,Credit,Chase,Prime
2023,August,08/05/2023,costco,,-4.48,Credit,Chase,Prime
2023,August,08/04/2023,coursra,,-49.0,Credit,Chase,Prime
2023,August,08/03/2023,u-haul,,-13.95,Credit,Chase,Prime
2023,August,08/03/2023,robnett's hardware,,-5.49,Credit,Chase,Prime
2023,August,08/04/2023,taste of sichuan,,-53.85,Credit,Chase,Prime
2023,August,08/03/2023,wisecracks cafe,,-36.98,Credit,Chase,Prime
2023,August,08/04/2023,dutch bros,,-5.45,Credit,Chase,Prime
2023,August,08/04/2023,u-haul,,-90.0,Credit,Chase,Prime
2023,August,08/02/2023,fedex,,-14.66,Credit,Chase,Prime
2023,August,08/03/2023,wal-mart,,-3.48,Credit,Chase,Prime
2023,August,08/02/2023,amazon,,-30.99,Credit,Chase,Prime
2023,August,08/02/2023,amazon,,-16.94,Credit,Chase,Prime
2023,August,08/02/2023,fedex,,-4.99,Credit,Chase,Prime
2023,July,07/31/2023,bucherbueche,,-92.19,Credit,Chase,Prime
2023,July,07/29/2023,costco,,-43.87,Credit,Chase,Prime
2023,July,07/29/2023,costco,,-27.48,Credit,Chase,Prime
2023,July,07/29/2023,costco,,-9.95,Credit,Chase,Prime
2023,July,07/26/2023,amazon prime,,-7.5,Credit,Chase,Prime
2023,July,07/25/2023,mcdonalds,,-4.78,Credit,Chase,Prime
2023,July,07/25/2023,transfer,,1285.22,Credit,Chase,Prime
2023,July,07/23/2023,inkwell,,-11.45,Credit,Chase,Prime
2023,July,07/19/2023,sugoi sushi,,-32.0,Credit,Chase,Prime
2023,July,07/19/2023,transfer,,671.19,Credit,Chase,Prime
2023,July,07/16/2023,safeway,,-9.71,Credit,Chase,Prime
2023,July,07/14/2023,amazon,,-42.94,Credit,Chase,Prime
2023,July,07/15/2023,mcmenamins,,-62.35,Credit,Chase,Prime
2023,July,07/13/2023,costco,,-20.19,Credit,Chase,Prime
2023,July,07/14/2023,amazon,,-35.45,Credit,Chase,Prime
2023,July,07/12/2023,monroe international market,,-6.98,Credit,Chase,Prime
2023,July,07/12/2023,amazon,,-45.0,Credit,Chase,Prime
2023,July,07/10/2023,steam,,-14.99,Credit,Chase,Prime
2023,July,07/08/2023,wal-mart,,-15.73,Credit,Chase,Prime
2023,July,07/07/2023,safeway,,-4.99,Credit,Chase,Prime
2023,July,07/06/2023,rite aid,,-39.99,Credit,Chase,Prime
2023,July,07/05/2023,costco,,-42.28,Credit,Chase,Prime
2023,July,07/03/2023,dutch bros,,-8.45,Credit,Chase,Prime
2023,July,07/02/2023,costco,,-120.0,Credit,Chase,Prime
2023,July,07/02/2023,costco,,-17.88,Credit,Chase,Prime
2023,July,07/01/2023,matt & mandy's family,,-32.92,Credit,Chase,Prime
2023,July,07/01/2023,dutch bros,,-14.5,Credit,Chase,Prime
2023,July,07/01/2023,steam,,-15.88,Credit,Chase,Prime
2023,June,06/28/2023,mcdonalds,,-1.0,Credit,Chase,Prime
2023,June,06/26/2023,dutch bros,,-4.45,Credit,Chase,Prime
2023,June,06/26/2023,power kia,,-380.84,Credit,Chase,Prime
2023,June,06/26/2023,amazon prime,,-7.5,Credit,Chase,Prime
2023,June,06/23/2023,marriott,,-10.0,Credit,Chase,Prime
2023,June,06/25/2023,door dash,,-9.27,Credit,Chase,Prime
2023,June,06/24/2023,pdx sliders,,-59.2,Credit,Chase,Prime
2023,June,06/22/2023,stanfords restaurant,,-175.22,Credit,Chase,Prime
2023,June,06/21/2023,space needle gift shop,,-9.91,Credit,Chase,Prime
2023,June,06/22/2023,goodwill,,-14.33,Credit,Chase,Prime
2023,June,06/21/2023,goodwill,,-19.82,Credit,Chase,Prime
2023,June,06/20/2023,piroshky piroshky,,-31.01,Credit,Chase,Prime
2023,June,06/21/2023,funko everett,,-61.48,Credit,Chase,Prime
2023,June,06/21/2023,funko everett,,-61.56,Credit,Chase,Prime
2023,June,06/20/2023,market spice,,-12.83,Credit,Chase,Prime
2023,June,06/19/2023,wisecracks cafe,,-42.43,Credit,Chase,Prime
2023,June,06/19/2023,cannon beach hardware &amp; p,,-20.51,Credit,Chase,Prime
2023,June,06/20/2023,golden age collectables,,-9.91,Credit,Chase,Prime
2023,June,06/19/2023,tillamook icecream,,-13.0,Credit,Chase,Prime
2023,June,06/16/2023,dry cleaners,,-54.0,Credit,Chase,Prime
2023,June,06/16/2023,jamba juice,,-3.89,Credit,Chase,Prime
2023,June,06/17/2023,chase travel,,-161.9,Credit,Chase,Prime
2023,June,06/15/2023,mcdonalds,,-12.99,Credit,Chase,Prime
2023,June,06/13/2023,personal touch car wash,,-16.0,Credit,Chase,Prime
2023,June,06/12/2023,in-n-out,,-14.4,Credit,Chase,Prime
2023,June,06/13/2023,subway,,-7.39,Credit,Chase,Prime
2023,June,06/11/2023,amazon,,-17.15,Credit,Chase,Prime
2023,June,06/08/2023,grub,,-24.12,Credit,Chase,Prime
2023,June,06/09/2023,prime video,,5.99,Credit,Chase,Prime
2023,June,06/09/2023,mcdonalds,,-1.39,Credit,Chase,Prime
2023,June,06/09/2023,mcdonalds,,-4.3,Credit,Chase,Prime
2023,June,06/06/2023,ikenohana,,-61.45,Credit,Chase,Prime
2023,June,06/06/2023,prime video,,-5.99,Credit,Chase,Prime
2023,June,06/06/2023,amazon,,-9.99,Credit,Chase,Prime
2023,May,05/26/2023,amazon,,-21.99,Credit,Chase,Prime
2023,May,05/26/2023,amazon prime,,-7.5,Credit,Chase,Prime
2025,February,02/19/2025,banfield,,-72.25,Credit,Chase,Reserve
2025,February,02/15/2025,transfer,,1700.25,Credit,Chase,Reserve
2025,February,02/15/2025,hertz,,-180.0,Credit,Chase,Reserve
2025,January,01/24/2025,amazon,,-11.29,Credit,Chase,Reserve
2025,January,01/23/2025,transfer,,1097.84,Credit,Chase,Reserve
2025,January,01/19/2025,banfield,,-72.25,Credit,Chase,Reserve
2025,January,01/10/2025,uber eats,,-35.51,Credit,Chase,Reserve
2025,January,01/09/2025,apple,,-699.0,Credit,Chase,Reserve
2025,January,01/07/2025,hertz,,-1.22,Credit,Chase,Reserve
2025,January,01/08/2025,uber eats,,-32.27,Credit,Chase,Reserve
2025,January,01/06/2025,uber eats,,-58.31,Credit,Chase,Reserve
2025,January,01/06/2025,lyft,,-10.58,Credit,Chase,Reserve
2025,January,01/05/2025,enterprise,,-49.36,Credit,Chase,Reserve
2025,January,01/04/2025,state parks discover pas,,-35.0,Credit,Chase,Reserve
2024,December,12/28/2024,hertz,,-207.91,Credit,Chase,Reserve
2024,December,12/27/2024,alamo,,-487.55,Credit,Chase,Reserve
2024,December,12/26/2024,lyft,,-131.16,Credit,Chase,Reserve
2024,December,12/23/2024,train,,-2.9,Credit,Chase,Reserve
2024,December,12/24/2024,train,,-8.5,Credit,Chase,Reserve
2024,December,12/24/2024,train,,-2.9,Credit,Chase,Reserve
2024,December,12/24/2024,delta air,,-35.0,Credit,Chase,Reserve
2024,December,12/24/2024,train,,-2.1,Credit,Chase,Reserve
2024,December,12/24/2024,delta air,,-80.0,Credit,Chase,Reserve
2024,December,12/24/2024,delta air,,-35.0,Credit,Chase,Reserve
2024,December,12/24/2024,delta air,,-35.0,Credit,Chase,Reserve
2024,December,12/24/2024,delta air,,-35.0,Credit,Chase,Reserve
2024,December,12/24/2024,train,,-12.0,Credit,Chase,Reserve
2024,December,12/23/2024,train,,-2.9,Credit,Chase,Reserve
2024,December,12/24/2024,train,,-2.9,Credit,Chase,Reserve
2024,December,12/24/2024,train,,-8.5,Credit,Chase,Reserve
2024,December,12/24/2024,train,,-2.9,Credit,Chase,Reserve
2024,December,12/23/2024,train,,-2.9,Credit,Chase,Reserve
2024,December,12/23/2024,train,,-2.75,Credit,Chase,Reserve
2024,December,12/23/2024,train,,-2.75,Credit,Chase,Reserve
2024,December,12/23/2024,train,,-2.75,Credit,Chase,Reserve
2024,December,12/23/2024,train,,-2.75,Credit,Chase,Reserve
2024,December,12/23/2024,train,,-2.9,Credit,Chase,Reserve
2024,December,12/22/2024,train,,-2.9,Credit,Chase,Reserve
2024,December,12/22/2024,train,,-2.9,Credit,Chase,Reserve
2024,December,12/22/2024,train,,-2.9,Credit,Chase,Reserve
2024,December,12/22/2024,train,,-2.9,Credit,Chase,Reserve
2024,December,12/21/2024,train,,-2.9,Credit,Chase,Reserve
2024,December,12/22/2024,train,,-2.75,Credit,Chase,Reserve
2024,December,12/21/2024,train,,-2.9,Credit,Chase,Reserve
2024,December,12/21/2024,train,,-2.9,Credit,Chase,Reserve
2024,December,12/22/2024,train,,-2.9,Credit,Chase,Reserve
2024,December,12/21/2024,train,,-2.9,Credit,Chase,Reserve
2024,December,12/21/2024,train,,-2.9,Credit,Chase,Reserve
2024,December,12/21/2024,train,,-2.9,Credit,Chase,Reserve
2024,December,12/21/2024,train,,-2.75,Credit,Chase,Reserve
2024,December,12/21/2024,train,,-2.75,Credit,Chase,Reserve
2024,December,12/21/2024,train,,-2.75,Credit,Chase,Reserve
2024,December,12/21/2024,train,,-2.75,Credit,Chase,Reserve
2024,December,12/22/2024,statue cruises,,-125.0,Credit,Chase,Reserve
2024,December,12/19/2024,train,,-2.9,Credit,Chase,Reserve
2024,December,12/19/2024,train,,-2.9,Credit,Chase,Reserve
2024,December,12/19/2024,train,,-2.75,Credit,Chase,Reserve
2024,December,12/19/2024,banfield,,-72.25,Credit,Chase,Reserve
2024,December,12/19/2024,train,,-2.75,Credit,Chase,Reserve
2024,December,12/19/2024,train,,-2.75,Credit,Chase,Reserve
2024,December,12/19/2024,train,,-2.75,Credit,Chase,Reserve
2024,December,12/18/2024,train,,-8.5,Credit,Chase,Reserve
2024,December,12/18/2024,train,,-2.9,Credit,Chase,Reserve
2024,December,12/18/2024,train,,-8.5,Credit,Chase,Reserve
2024,December,12/18/2024,hertz,,-87.35,Credit,Chase,Reserve
2024,December,12/19/2024,train,,-2.9,Credit,Chase,Reserve
2024,December,12/15/2024,savin hill,,-2.4,Credit,Chase,Reserve
2024,December,12/15/2024,savin hill,,-2.4,Credit,Chase,Reserve
2024,December,12/15/2024,savin hill,,-2.4,Credit,Chase,Reserve
2024,December,12/15/2024,savin hill,,-2.4,Credit,Chase,Reserve
2024,December,12/15/2024,savin hill,,-2.4,Credit,Chase,Reserve
2024,December,12/15/2024,kenmore,,-2.4,Credit,Chase,Reserve
2024,December,12/15/2024,kenmore,,-4.8,Credit,Chase,Reserve
2024,December,12/15/2024,savin hill,,-2.4,Credit,Chase,Reserve
2024,December,12/14/2024,savin hill,,-11.0,Credit,Chase,Reserve
2024,December,12/14/2024,costco,,-148.74,Credit,Chase,Reserve
2024,December,12/14/2024,savin hill,,-11.0,Credit,Chase,Reserve
2024,December,12/11/2024,lyft,,-34.69,Credit,Chase,Reserve
2024,December,12/09/2024,train,,-2.9,Credit,Chase,Reserve
2024,December,12/10/2024,train,,-2.9,Credit,Chase,Reserve
2024,December,12/09/2024,train,,-2.9,Credit,Chase,Reserve
2024,December,12/09/2024,train,,-2.9,Credit,Chase,Reserve
2024,December,12/09/2024,train,,-2.9,Credit,Chase,Reserve
2024,December,12/10/2024,train,,-2.9,Credit,Chase,Reserve
2024,December,12/10/2024,transfer,,1714.26,Credit,Chase,Reserve
2024,December,12/09/2024,delta air,,-35.0,Credit,Chase,Reserve
2024,December,12/09/2024,delta air,,-35.0,Credit,Chase,Reserve
2024,December,12/03/2024,apple,,-1199.0,Credit,Chase,Reserve
2024,December,12/03/2024,dmv,,-483.0,Credit,Chase,Reserve
2024,October,10/01/2024,tiktok,,39.99,Credit,Chase,Reserve
2024,November,11/19/2024,transfer,,2340.8,Credit,Chase,Reserve
2024,November,11/19/2024,banfield,,-72.25,Credit,Chase,Reserve
2024,November,11/07/2024,b&h photo,,-1723.0,Credit,Chase,Reserve
2024,November,11/05/2024,king county recorders,,-71.0,Credit,Chase,Reserve
2024,September,09/08/2024,birkenstock,,77.45,Credit,Chase,Reserve
2024,October,10/31/2024,costco,,-10.82,Credit,Chase,Reserve
2024,October,10/31/2024,hertz,,-446.46,Credit,Chase,Reserve
2024,October,10/26/2024,transfer,,78.1,Credit,Chase,Reserve
2024,October,10/24/2024,safeway,,-22.54,Credit,Chase,Reserve
2024,October,10/27/2024,gnc,,-144.43,Credit,Chase,Reserve
2024,October,10/19/2024,banfield,,-72.25,Credit,Chase,Reserve
2024,October,10/18/2024,uber eats,,-5.85,Credit,Chase,Reserve
2024,October,10/18/2024,transfer,,3668.7,Credit,Chase,Reserve
2024,October,10/14/2024,tiktok,,19.36,Credit,Chase,Reserve
2024,October,10/14/2024,fred meyer,,-27.06,Credit,Chase,Reserve
2024,October,10/15/2024,etsy,,-40.0,Credit,Chase,Reserve
2024,October,10/13/2024,la naranja,,-16.0,Credit,Chase,Reserve
2024,October,10/13/2024,memory den,,-100.75,Credit,Chase,Reserve
2024,October,10/13/2024,tall boy fish chips,,-17.0,Credit,Chase,Reserve
2024,October,10/12/2024,fred meyer,,-54.36,Credit,Chase,Reserve
2024,October,10/11/2024,fred meyer,,-45.02,Credit,Chase,Reserve
2024,October,10/12/2024,denny's,,-27.78,Credit,Chase,Reserve
2024,October,10/08/2024,sephora,,-94.4,Credit,Chase,Reserve
2024,October,10/08/2024,muji,,-2.9,Credit,Chase,Reserve
2024,October,10/08/2024,wendy's,,-24.76,Credit,Chase,Reserve
2024,October,10/08/2024,sichuan taste,,-37.9,Credit,Chase,Reserve
2024,October,10/08/2024,chase travel,,-194.47,Credit,Chase,Reserve
2024,October,10/09/2024,visible,,-25.0,Credit,Chase,Reserve
2024,October,10/09/2024,visible,,-25.0,Credit,Chase,Reserve
2024,October,10/08/2024,chase travel,,-158.47,Credit,Chase,Reserve
2024,October,10/06/2024,wingstop,,-16.99,Credit,Chase,Reserve
2024,October,10/06/2024,bubble n tea,,-6.0,Credit,Chase,Reserve
2024,October,10/05/2024,apple,,400.0,Credit,Chase,Reserve
2024,October,10/04/2024,stardust diner,,-12.86,Credit,Chase,Reserve
2024,October,10/04/2024,chase travel,,-158.47,Credit,Chase,Reserve
2024,October,10/03/2024,mcdonalds,,-1.49,Credit,Chase,Reserve
2024,October,10/03/2024,lavender creek gems,,-2210.0,Credit,Chase,Reserve
2024,October,10/03/2024,transfer,,226.39,Credit,Chase,Reserve
2024,October,10/03/2024,chase travel,,-673.92,Credit,Chase,Reserve
2024,October,10/01/2024,tiktok,,-66.21,Credit,Chase,Reserve
2024,September,09/29/2024,washington square,,-58.0,Credit,Chase,Reserve
2024,September,09/27/2024,nopo paws,,-33.0,Credit,Chase,Reserve
2024,September,09/27/2024,safeway,,-26.01,Credit,Chase,Reserve
2024,September,09/27/2024,valvoline,,-82.8,Credit,Chase,Reserve
2024,September,09/27/2024,gerbrock,,-75.0,Credit,Chase,Reserve
2024,September,09/25/2024,staples,,9.99,Credit,Chase,Reserve
2024,September,09/25/2024,staples,,-9.99,Credit,Chase,Reserve
2024,September,09/25/2024,wal-mart,,-2.83,Credit,Chase,Reserve
2024,September,09/25/2024,transfer,,3057.62,Credit,Chase,Reserve
2024,September,09/23/2024,apple,,-1099.0,Credit,Chase,Reserve
2024,September,09/23/2024,etsy,,-39.9,Credit,Chase,Reserve
2024,September,09/21/2024,schwieterts icecream,,-4.99,Credit,Chase,Reserve
2024,September,09/21/2024,tis the season,,-3.99,Credit,Chase,Reserve
2024,September,09/21/2024,mos seafood,,-47.7,Credit,Chase,Reserve
2024,September,09/21/2024,tiptons,,-12.99,Credit,Chase,Reserve
2024,September,09/21/2024,north coast leather,,-44.95,Credit,Chase,Reserve
2024,September,09/20/2024,trader joe s,,-10.99,Credit,Chase,Reserve
2024,September,09/20/2024,chewy,,-39.64,Credit,Chase,Reserve
2024,September,09/21/2024,apple,,-1099.0,Credit,Chase,Reserve
2024,September,09/19/2024,safeway,,-19.89,Credit,Chase,Reserve
2024,September,09/19/2024,recreation,,-20.0,Credit,Chase,Reserve
2024,September,09/21/2024,seaside confections,,-9.5,Credit,Chase,Reserve
2024,September,09/21/2024,target,,-21.0,Credit,Chase,Reserve
2024,September,09/20/2024,uwajimaya,,-56.5,Credit,Chase,Reserve
2024,September,09/20/2024,safeway,,-13.94,Credit,Chase,Reserve
2024,September,09/18/2024,jack in the box,,-5.41,Credit,Chase,Reserve
2024,September,09/19/2024,banfield,,-72.25,Credit,Chase,Reserve
2024,September,09/18/2024,dutch bros,,-13.89,Credit,Chase,Reserve
2024,September,09/19/2024,jack in the box,,-10.81,Credit,Chase,Reserve
2024,September,09/18/2024,dollar tree,,-13.5,Credit,Chase,Reserve
2024,September,09/18/2024,target,,-28.27,Credit,Chase,Reserve
2024,September,09/18/2024,michaels,,-29.98,Credit,Chase,Reserve
2024,September,09/18/2024,target,,-40.27,Credit,Chase,Reserve
2024,September,09/15/2024,dutch bros,,-19.35,Credit,Chase,Reserve
2024,September,09/15/2024,ikea,,-10.97,Credit,Chase,Reserve
2024,September,09/14/2024,asian family market,,-26.72,Credit,Chase,Reserve
2024,September,09/15/2024,target,,-5.48,Credit,Chase,Reserve
2024,September,09/15/2024,ikea,,-10.98,Credit,Chase,Reserve
2024,September,09/12/2024,trader joe s,,-37.6,Credit,Chase,Reserve
2024,September,09/14/2024,thai bloom,,-15.0,Credit,Chase,Reserve
2024,September,09/13/2024,sichuan taste,,-65.9,Credit,Chase,Reserve
2024,September,09/14/2024,the frying scotsman,,-14.5,Credit,Chase,Reserve
2024,September,09/12/2024,panda express,,-23.54,Credit,Chase,Reserve
2024,September,09/12/2024,daiso,,-58.05,Credit,Chase,Reserve
2024,September,09/11/2024,target,,-11.17,Credit,Chase,Reserve
2024,September,09/11/2024,transfer,,3909.25,Credit,Chase,Reserve
2024,September,09/07/2024,sorya,,-9.97,Credit,Chase,Reserve
2024,September,09/08/2024,tj maxx,,-13.99,Credit,Chase,Reserve
2024,September,09/08/2024,target,,-23.18,Credit,Chase,Reserve
2024,September,09/07/2024,trader joe s,,-49.87,Credit,Chase,Reserve
2024,September,09/08/2024,birkenstock,,-77.45,Credit,Chase,Reserve
2024,September,09/06/2024,staples,,-6.49,Credit,Chase,Reserve
2024,September,09/06/2024,safeway,,-27.53,Credit,Chase,Reserve
2024,September,09/06/2024,costco,,-3.98,Credit,Chase,Reserve
2024,September,09/06/2024,goodwill,,-6.99,Credit,Chase,Reserve
2024,September,09/06/2024,homegoods,,-23.97,Credit,Chase,Reserve
2024,September,09/04/2024,daiso,,-23.86,Credit,Chase,Reserve
2024,September,09/03/2024,airbnb,,68.01,Credit,Chase,Reserve
2024,September,09/02/2024,pistils nursery,,-53.0,Credit,Chase,Reserve
2024,September,09/01/2024,target,,-54.39,Credit,Chase,Reserve
2024,August,08/31/2024,safeway,,-18.06,Credit,Chase,Reserve
2024,September,09/01/2024,domino's,,-10.99,Credit,Chase,Reserve
2024,August,08/31/2024,asian family market,,-39.75,Credit,Chase,Reserve
2024,August,08/30/2024,target,,-28.02,Credit,Chase,Reserve
2024,August,08/30/2024,wolfs head,,-35.5,Credit,Chase,Reserve
2024,August,08/31/2024,costco,,-25.85,Credit,Chase,Reserve
2024,August,08/31/2024,costco,,-55.35,Credit,Chase,Reserve
2024,August,08/26/2024,homegoods,,-9.99,Credit,Chase,Reserve
2024,August,08/24/2024,sichuan taste,,-59.85,Credit,Chase,Reserve
2024,August,08/24/2024,dutch bros,,-13.46,Credit,Chase,Reserve
2024,August,08/24/2024,otaku import export,,-20.95,Credit,Chase,Reserve
2024,August,08/24/2024,memory den,,-12.75,Credit,Chase,Reserve
2024,August,08/23/2024,boomers burgers,,-25.9,Credit,Chase,Reserve
2024,August,08/22/2024,fred-meyer,,-38.15,Credit,Chase,Reserve
2024,August,08/22/2024,asian family market,,-27.7,Credit,Chase,Reserve
2024,August,08/22/2024,uwajimaya,,-31.05,Credit,Chase,Reserve
2024,August,08/22/2024,costco,,-45.65,Credit,Chase,Reserve
2024,August,08/22/2024,costco,,-125.17,Credit,Chase,Reserve
2024,August,08/19/2024,dutch bros,,-13.56,Credit,Chase,Reserve
2024,August,08/19/2024,safeway,,-15.51,Credit,Chase,Reserve
2024,August,08/19/2024,petsmart,,-21.67,Credit,Chase,Reserve
2024,August,08/19/2024,banfield,,-72.25,Credit,Chase,Reserve
2024,August,08/19/2024,banfield,,-87.36,Credit,Chase,Reserve
2024,August,08/17/2024,trader joe s,,-28.82,Credit,Chase,Reserve
2024,August,08/17/2024,safeway,,-51.59,Credit,Chase,Reserve
2024,August,08/17/2024,hmart,,-89.09,Credit,Chase,Reserve
2024,August,08/15/2024,mcdonalds,,-1.49,Credit,Chase,Reserve
2024,August,08/17/2024,uber eats,,-21.03,Credit,Chase,Reserve
2024,August,08/15/2024,pge,,-65.8,Credit,Chase,Reserve
2024,August,08/15/2024,transfer,,68.01,Credit,Chase,Reserve
2024,August,08/15/2024,airbnb,,-68.01,Credit,Chase,Reserve
2024,August,08/15/2024,rugs usa,,-225.95,Credit,Chase,Reserve
2024,August,08/12/2024,boomers burgers,,-28.95,Credit,Chase,Reserve
2024,August,08/11/2024,xfinity mobile,,-68.32,Credit,Chase,Reserve
2024,August,08/09/2024,safeway,,-31.89,Credit,Chase,Reserve
2024,August,08/09/2024,bubble n tea,,-6.0,Credit,Chase,Reserve
2024,August,08/09/2024,chipotle,,-18.95,Credit,Chase,Reserve
2024,August,08/10/2024,xfinity internet,,-17.43,Credit,Chase,Reserve
2024,August,08/10/2024,transfer,,491.12,Credit,Chase,Reserve
2024,August,08/10/2024,tj maxx,,-4.99,Credit,Chase,Reserve
2024,August,08/09/2024,west end rent,,-119.93,Credit,Chase,Reserve
2024,August,08/09/2024,costco,,-33.01,Credit,Chase,Reserve
2024,August,08/09/2024,costco,,-81.62,Credit,Chase,Reserve
2024,August,08/10/2024,homegoods,,-91.96,Credit,Chase,Reserve
2024,August,08/09/2024,cinemark,,-24.78,Credit,Chase,Reserve
2024,August,08/09/2024,xfinity internet,,-30.0,Credit,Chase,Reserve
2024,August,08/08/2024,amazon,,-81.93,Credit,Chase,Reserve
2024,August,08/08/2024,amazon,,-8.19,Credit,Chase,Reserve
2024,August,08/04/2024,movinghelp,,5.95,Credit,Chase,Reserve
2024,August,08/04/2024,hmart,,-37.07,Credit,Chase,Reserve
2024,August,08/04/2024,safeway,,-18.31,Credit,Chase,Reserve
2024,August,08/05/2024,uber eats,,-6.03,Credit,Chase,Reserve
2024,August,08/04/2024,target,,-36.6,Credit,Chase,Reserve
2024,August,08/05/2024,usps,,-6.7,Credit,Chase,Reserve
2024,August,08/05/2024,usps,,-1.1,Credit,Chase,Reserve
2024,August,08/04/2024,costco,,-174.95,Credit,Chase,Reserve
2024,August,08/04/2024,uber eats,,-58.31,Credit,Chase,Reserve
2024,August,08/02/2024,movinghelp,,-233.85,Credit,Chase,Reserve
2024,August,08/03/2024,jaybee's,,-41.8,Credit,Chase,Reserve
2024,August,08/01/2024,home depot,,-9.48,Credit,Chase,Reserve
2024,August,08/02/2024,home depot,,-26.96,Credit,Chase,Reserve
2024,August,08/03/2024,costco,,-40.93,Credit,Chase,Reserve
2024,August,08/03/2024,costco,,396.98,Credit,Chase,Reserve
2024,August,08/02/2024,costco,,-19.2,Credit,Chase,Reserve
2024,August,08/01/2024,u-haul,,-41.39,Credit,Chase,Reserve
2024,August,08/03/2024,costco,,-3.99,Credit,Chase,Reserve
2024,August,08/02/2024,u-haul,,-155.92,Credit,Chase,Reserve
2024,August,08/02/2024,u-haul,,-8.95,Credit,Chase,Reserve
2024,August,08/01/2024,pge,,-69.62,Credit,Chase,Reserve
2024,August,08/01/2024,fred-meyer,,-28.06,Credit,Chase,Reserve
2024,August,08/01/2024,sichuan taste,,-51.45,Credit,Chase,Reserve
2024,July,07/31/2024,tea & tea,,-6.5,Credit,Chase,Reserve
2024,July,07/31/2024,amazon,,-44.94,Credit,Chase,Reserve
2024,July,07/29/2024,movinghelp,,-239.8,Credit,Chase,Reserve
2024,July,07/29/2024,amazon,,-33.92,Credit,Chase,Reserve
2024,July,07/28/2024,home depot,,-31.01,Credit,Chase,Reserve
2024,July,07/28/2024,safeway,,-5.59,Credit,Chase,Reserve
2024,July,07/29/2024,amazon,,-3.97,Credit,Chase,Reserve
2024,July,07/28/2024,home depot,,-13.92,Credit,Chase,Reserve
2024,July,07/28/2024,costco,,-7.99,Credit,Chase,Reserve
2024,July,07/27/2024,bubble n tea,,-6.0,Credit,Chase,Reserve
2024,July,07/28/2024,amazon,,-21.8,Credit,Chase,Reserve
2024,July,07/25/2024,prose rent,,-47.95,Credit,Chase,Reserve
2024,July,07/26/2024,five guys,,-19.47,Credit,Chase,Reserve
2024,July,07/25/2024,home depot,,-38.36,Credit,Chase,Reserve
2024,July,07/27/2024,chipotle,,-20.95,Credit,Chase,Reserve
2024,July,07/26/2024,amazon prime,,-6.99,Credit,Chase,Reserve
2024,July,07/26/2024,dollar tree,,-6.5,Credit,Chase,Reserve
2024,July,07/26/2024,sushi chiyo,,-10.05,Credit,Chase,Reserve
2024,July,07/25/2024,target,,-4.68,Credit,Chase,Reserve
2024,July,07/23/2024,dutch bros,,-5.25,Credit,Chase,Reserve
2024,July,07/21/2024,asian family market,,-19.76,Credit,Chase,Reserve
2024,July,07/20/2024,mud bay,,-60.99,Credit,Chase,Reserve
2024,July,07/21/2024,costco,,-6.48,Credit,Chase,Reserve
2024,July,07/21/2024,tj maxx,,-24.95,Credit,Chase,Reserve
2024,July,07/21/2024,amazon,,-1.37,Credit,Chase,Reserve
2024,July,07/21/2024,costco,,-89.17,Credit,Chase,Reserve
2024,July,07/19/2024,uwajimaya,,-60.35,Credit,Chase,Reserve
2024,July,07/18/2024,mcdonalds,,-5.19,Credit,Chase,Reserve
2024,July,07/18/2024,safeway,,-46.75,Credit,Chase,Reserve
2024,July,07/18/2024,fred-meyer,,-24.42,Credit,Chase,Reserve
2024,July,07/15/2024,transfer,,100.0,Credit,Chase,Reserve
2024,July,07/15/2024,global entry,,-100.0,Credit,Chase,Reserve
2024,July,07/14/2024,dutch bros,,-11.4,Credit,Chase,Reserve
2024,July,07/13/2024,transfer,,1338.82,Credit,Chase,Reserve
2024,July,07/12/2024,asian family market,,-20.23,Credit,Chase,Reserve
2024,July,07/12/2024,safeway,,-61.37,Credit,Chase,Reserve
2024,July,07/12/2024,costco,,-42.5,Credit,Chase,Reserve
2024,July,07/12/2024,xfinity mobile,,-68.18,Credit,Chase,Reserve
2024,July,07/12/2024,costco,,-142.06,Credit,Chase,Reserve
2024,July,07/12/2024,costco,,-3.0,Credit,Chase,Reserve
2024,July,07/12/2024,costco,,19.99,Credit,Chase,Reserve
2024,July,07/12/2024,banfield,,-215.94,Credit,Chase,Reserve
2024,July,07/11/2024,uber eats,,-17.56,Credit,Chase,Reserve
2024,July,07/09/2024,xfinity internet,,-30.0,Credit,Chase,Reserve
2024,July,07/07/2024,office depot,,-10.99,Credit,Chase,Reserve
2024,July,07/07/2024,tj maxx,,-14.0,Credit,Chase,Reserve
2024,July,07/06/2024,safeway,,-15.26,Credit,Chase,Reserve
2024,July,07/06/2024,iconicst,,-8.63,Credit,Chase,Reserve
2024,July,07/06/2024,atlanta airport,,-4.32,Credit,Chase,Reserve
2024,July,07/06/2024,atlanta airport,,-24.27,Credit,Chase,Reserve
2024,July,07/05/2024,batavia,,-12.68,Credit,Chase,Reserve
2024,July,07/05/2024,batavia,,-100.81,Credit,Chase,Reserve
2024,July,07/02/2024,hudson st,,-9.99,Credit,Chase,Reserve
2024,July,07/02/2024,safeway,,-21.24,Credit,Chase,Reserve
2024,July,07/03/2024,tillamook market,,-17.11,Credit,Chase,Reserve
2024,July,07/03/2024,food truck,,-9.37,Credit,Chase,Reserve
2024,July,07/02/2024,irina moga dds,,-62.5,Credit,Chase,Reserve
2024,July,07/02/2024,transfer,,2.8,Credit,Chase,Reserve
2024,July,07/02/2024,train,,-2.8,Credit,Chase,Reserve
2024,July,07/02/2024,mikiko mochi donuts,,-20.5,Credit,Chase,Reserve
2024,July,07/02/2024,transfer,,2.8,Credit,Chase,Reserve
2024,July,07/02/2024,train,,-2.8,Credit,Chase,Reserve
2024,June,06/30/2024,safeway,,-19.55,Credit,Chase,Reserve
2024,July,07/01/2024,chase reserve,,-550.0,Credit,Chase,Reserve
2024,June,06/30/2024,auntie anne's,,-8.99,Credit,Chase,Reserve
2024,June,06/30/2024,tj maxx,,-22.98,Credit,Chase,Reserve
2024,June,06/30/2024,uwajimaya,,-13.66,Credit,Chase,Reserve
2024,June,06/30/2024,fred-meyer,,-17.66,Credit,Chase,Reserve
2024,June,06/29/2024,usps,,-1.39,Credit,Chase,Reserve
2024,June,06/30/2024,american eagle,,-19.98,Credit,Chase,Reserve
2024,June,06/29/2024,tj maxx,,-59.95,Credit,Chase,Reserve
2024,June,06/29/2024,costco,,-124.89,Credit,Chase,Reserve
2024,June,06/29/2024,hmart,,-26.15,Credit,Chase,Reserve
2024,June,06/30/2024,calvin klein,,-62.0,Credit,Chase,Reserve
2024,June,06/26/2024,irina moga dds,,-14.0,Credit,Chase,Reserve
2024,June,06/26/2024,amazon prime,,-6.99,Credit,Chase,Reserve
2024,June,06/25/2024,transfer,,1899.43,Credit,Chase,Reserve
2024,June,06/23/2024,dutch bros,,-11.4,Credit,Chase,Reserve
2024,June,06/23/2024,nonna emilia,,-49.87,Credit,Chase,Reserve
2024,June,06/22/2024,steam,,-39.99,Credit,Chase,Reserve
2024,June,06/21/2024,panda express,,-10.4,Credit,Chase,Reserve
2024,June,06/22/2024,rover,,168.72,Credit,Chase,Reserve
2024,June,06/21/2024,costco,,-146.48,Credit,Chase,Reserve
2024,June,06/21/2024,fred-meyer,,-22.96,Credit,Chase,Reserve
2024,June,06/21/2024,burger king,,-5.99,Credit,Chase,Reserve
2024,June,06/21/2024,asian family market,,-48.51,Credit,Chase,Reserve
2024,June,06/21/2024,usps,,-7.89,Credit,Chase,Reserve
2024,June,06/21/2024,safeway,,-34.93,Credit,Chase,Reserve
2024,June,06/18/2024,trader joe s,,-4.78,Credit,Chase,Reserve
2024,June,06/16/2024,chipotle,,-20.9,Credit,Chase,Reserve
2024,June,06/16/2024,tj maxx,,-37.96,Credit,Chase,Reserve
2024,June,06/16/2024,jack in the box,,-29.3,Credit,Chase,Reserve
2024,June,06/15/2024,donut king,,-11.99,Credit,Chase,Reserve
2024,June,06/15/2024,fred-meyer,,-49.8,Credit,Chase,Reserve
2024,June,06/13/2024,el dorado irrigation,,-125.57,Credit,Chase,Reserve
2024,June,06/12/2024,amazon,,28.44,Credit,Chase,Reserve
2024,June,06/09/2024,xin ding dumpling house,,-50.85,Credit,Chase,Reserve
2024,June,06/10/2024,pge,,-53.78,Credit,Chase,Reserve
2024,June,06/10/2024,el dorado irrigation,,-125.57,Credit,Chase,Reserve
2024,June,06/10/2024,usps,,-15.77,Credit,Chase,Reserve
2024,June,06/09/2024,fred-meyer,,-219.97,Credit,Chase,Reserve
2024,June,06/10/2024,amazon,,-6.59,Credit,Chase,Reserve
2024,June,06/09/2024,otaku import export,,-40.9,Credit,Chase,Reserve
2024,June,06/07/2024,mud bay,,-16.48,Credit,Chase,Reserve
2024,June,06/08/2024,asian family market,,-50.64,Credit,Chase,Reserve
2024,June,06/09/2024,costco,,-147.93,Credit,Chase,Reserve
2024,June,06/10/2024,gnc,,-204.69,Credit,Chase,Reserve
2024,June,06/09/2024,amazon,,-28.44,Credit,Chase,Reserve
2024,June,06/08/2024,fresh fish poke,,-18.7,Credit,Chase,Reserve
2024,June,06/08/2024,we feast,,-18.7,Credit,Chase,Reserve
2024,June,06/08/2024,costco,,-38.45,Credit,Chase,Reserve
2024,June,06/08/2024,costco,,-163.74,Credit,Chase,Reserve
2024,June,06/08/2024,been verified,,-29.99,Credit,Chase,Reserve
2024,June,06/07/2024,qfc,,-4.0,Credit,Chase,Reserve
2024,June,06/07/2024,fred-meyer,,-18.77,Credit,Chase,Reserve
2024,June,06/07/2024,qfc,,-5.65,Credit,Chase,Reserve
2024,June,06/08/2024,gmart,,-17.44,Credit,Chase,Reserve
2024,June,06/07/2024,ups,,-3.5,Credit,Chase,Reserve
2024,June,06/08/2024,rover,,-168.72,Credit,Chase,Reserve
2023,September,09/18/2023,zelle,,1.0,Debit,BofA,Savings
2023,September,09/25/2023,kindle,,210.0,Debit,BofA,Savings
2023,September,09/25/2023,zelle,,15.5,Debit,BofA,Savings
2023,October,10/05/2023,interest,,0.01,Debit,BofA,Savings
2023,October,10/20/2023,transfer,,725.15,Debit,BofA,Savings
2023,October,10/23/2023,zelle,,61.5,Debit,BofA,Savings
2023,November,11/03/2023,transfer,,-1013.21,Debit,BofA,Savings
2023,November,11/06/2023,interest,,0.03,Debit,BofA,Savings
2023,November,11/24/2023,parking,,8.0,Debit,BofA,Savings
2023,December,12/01/2023,zelle,,200.0,Debit,BofA,Savings
2023,December,12/01/2023,zelle,,1.0,Debit,BofA,Savings
2023,December,12/05/2023,zelle,,-400.0,Debit,BofA,Savings
2023,December,12/06/2023,monthly maintenance fee,,-8.0,Debit,BofA,Savings
2023,December,12/07/2023,zelle,,500.0,Debit,BofA,Savings
2023,December,12/26/2023,zelle,,400.0,Debit,BofA,Savings
2024,January,01/02/2024,zelle,,99.0,Debit,BofA,Savings
2024,January,01/05/2024,interest,,0.01,Debit,BofA,Savings
2024,January,01/08/2024,transfer,,-801.14,Debit,BofA,Savings
2024,January,01/08/2024,monthly maintenance fee,,-8.0,Debit,BofA,Savings
2024,January,01/09/2024,zelle,,950.0,Debit,BofA,Savings
2024,January,01/09/2024,transfer,,-930.0,Debit,BofA,Savings
2024,January,01/22/2024,zelle,,264.0,Debit,BofA,Savings
2024,January,01/30/2024,zelle,,288.0,Debit,BofA,Savings
2024,February,02/01/2024,zelle,,100.0,Debit,BofA,Savings
2024,February,02/05/2024,zelle,,350.0,Debit,BofA,Savings
2024,February,02/05/2024,zelle,,200.0,Debit,BofA,Savings
2024,February,02/05/2024,transfer,,-1213.9,Debit,BofA,Savings
2024,February,02/05/2024,interest,,0.01,Debit,BofA,Savings
2024,February,02/06/2024,monthly maintenance fee,,-8.0,Debit,BofA,Savings
2024,February,02/13/2024,monthly maintenance fee refund,,8.0,Debit,BofA,Savings
2024,February,02/20/2024,zelle,,1052.0,Debit,BofA,Savings
2024,February,02/26/2024,zelle,,256.0,Debit,BofA,Savings
2024,February,02/29/2024,zelle,,100.0,Debit,BofA,Savings
2024,March,03/05/2024,transfer,,-1398.01,Debit,BofA,Savings
2024,March,03/06/2024,interest,,0.01,Debit,BofA,Savings
2024,March,03/07/2024,monthly maintenance fee,,-8.0,Debit,BofA,Savings
2024,March,03/14/2024,amazon,,83.03,Debit,BofA,Savings
2024,March,03/26/2024,robinhood,,-30.0,Debit,BofA,Savings
2024,March,03/27/2024,amazon,,67.0,Debit,BofA,Savings
2024,April,04/01/2024,zelle,,100.0,Debit,BofA,Savings
2024,April,04/08/2024,zelle,,662.0,Debit,BofA,Savings
2024,April,04/22/2024,zelle,,1000.0,Debit,BofA,Savings
2024,April,04/29/2024,zelle,,-1.02,Debit,BofA,Savings
2024,April,04/29/2024,zelle,,-449.0,Debit,BofA,Savings
2024,April,04/29/2024,zelle,,-100.0,Debit,BofA,Savings
2024,May,05/01/2024,zelle,,100.0,Debit,BofA,Savings
2024,May,05/02/2024,interest,,89.0,Debit,BofA,Savings
2024,May,05/02/2024,transfer,,-1434.02,Debit,BofA,Savings
2024,May,05/07/2024,interest,,0.01,Debit,BofA,Savings
2024,May,05/13/2024,zelle,,900.0,Debit,BofA,Savings
2024,May,05/20/2024,zelle,,650.0,Debit,BofA,Savings
2024,May,05/28/2024,zelle,,1200.0,Debit,BofA,Savings
2024,June,06/03/2024,zelle,,100.0,Debit,BofA,Savings
2024,June,06/03/2024,transfer,,-2939.01,Debit,BofA,Savings
2024,June,06/04/2024,interest,,0.01,Debit,BofA,Savings
2024,June,06/10/2024,zelle,,500.0,Debit,BofA,Savings
2024,June,06/17/2024,zelle,,516.5,Debit,BofA,Savings
2024,July,07/01/2024,interest,,25.88,Debit,BofA,Savings
2024,July,07/08/2024,interest,,0.01,Debit,BofA,Savings
2024,July,07/15/2024,transfer,,-942.4,Debit,BofA,Savings
2024,July,07/22/2024,monthly maintenance fee refund,,8.0,Debit,BofA,Savings
2024,July,07/22/2024,transfer,,-315.0,Debit,BofA,Savings
2024,July,07/23/2024,transfer,,0.15,Debit,BofA,Savings
2024,July,07/23/2024,transfer,,0.14,Debit,BofA,Savings
2024,July,07/23/2024,transfer,,-0.29,Debit,BofA,Savings
2024,July,07/25/2024,zelle,,-47.95,Debit,BofA,Savings
2024,July,07/29/2024,transfer,,500.0,Debit,BofA,Savings
2024,July,07/31/2024,zelle,,6.5,Debit,BofA,Savings
2024,August,08/07/2024,interest,,0.01,Debit,BofA,Savings
2024,August,08/08/2024,monthly maintenance fee,,-8.0,Debit,BofA,Savings
2024,August,08/12/2024,zelle,,200.0,Debit,BofA,Savings
2024,August,08/15/2024,transfer,,50.0,Debit,BofA,Savings
2024,August,08/16/2024,transfer,,1.0,Debit,BofA,Savings
2024,August,08/19/2024,transfer,,-393.56,Debit,BofA,Savings
2024,August,08/22/2024,transfer,,1497.32,Debit,BofA,Savings
2024,August,08/26/2024,zelle,,3000.0,Debit,BofA,Savings
2024,August,08/26/2024,zelle,,200.0,Debit,BofA,Savings
2024,August,08/29/2024,transfer,,-4298.32,Debit,BofA,Savings
2024,September,09/03/2024,transfer,,666.0,Debit,BofA,Savings
2024,September,09/03/2024,zelle,,-100.0,Debit,BofA,Savings
2024,September,09/05/2024,interest,,0.01,Debit,BofA,Savings
2024,September,09/16/2024,michaels,,71.11,Debit,BofA,Savings
2024,September,09/23/2024,michaels,,129.14,Debit,BofA,Savings
2024,September,09/26/2024,transfer,,-1166.26,Debit,BofA,Savings
2024,September,09/30/2024,michaels,,15.0,Debit,BofA,Savings
2024,September,09/30/2024,zelle,,-100.0,Debit,BofA,Savings
2024,October,10/07/2024,zelle,,832.65,Debit,BofA,Savings
2024,October,10/07/2024,michaels,,86.67,Debit,BofA,Savings
2024,October,10/07/2024,interest,,0.01,Debit,BofA,Savings
2024,October,10/08/2024,zelle,,95.0,Debit,BofA,Savings
2024,October,10/09/2024,amazon,,61.5,Debit,BofA,Savings
2024,October,10/15/2024,zelle,,100.0,Debit,BofA,Savings
2024,October,10/18/2024,michaels,,147.64,Debit,BofA,Savings
2024,October,10/21/2024,transfer,,-1090.83,Debit,BofA,Savings
2024,October,10/28/2024,michaels,,21.74,Debit,BofA,Savings
2024,October,10/31/2024,costco,,-117.43,Debit,BofA,Savings
2024,November,11/01/2024,michaels,,172.91,Debit,BofA,Savings
2024,November,11/01/2024,michaels,,39.45,Debit,BofA,Savings
2024,November,11/01/2024,zelle,,-100.0,Debit,BofA,Savings
2024,November,11/01/2024,michaels,,-86.67,Debit,BofA,Savings
2024,November,11/04/2024,interest,,30.45,Debit,BofA,Savings
2024,November,11/04/2024,interest,,0.01,Debit,BofA,Savings
2024,November,11/07/2024,robinhood,,-25.0,Debit,BofA,Savings
2024,November,11/07/2024,robinhood,,-25.0,Debit,BofA,Savings
2024,November,11/08/2024,robinhood,,-10.0,Debit,BofA,Savings
2024,November,11/12/2024,zelle,,81.98,Debit,BofA,Savings
2024,November,11/21/2024,michaels,,82.83,Debit,BofA,Savings
2024,December,12/02/2024,zelle,,-100.0,Debit,BofA,Savings
2024,December,12/05/2024,interest,,0.01,Debit,BofA,Savings
2024,December,12/11/2024,michaels,,52.38,Debit,BofA,Savings
2024,December,12/13/2024,michaels,,781.86,Debit,BofA,Savings
2024,December,12/13/2024,transfer,,-1000.0,Debit,BofA,Savings
2024,December,12/18/2024,transfer,,1680.0,Debit,BofA,Savings
2024,December,12/23/2024,transfer,,-2000.0,Debit,BofA,Savings
2025,January,01/02/2025,interest,,33.59,Debit,BofA,Savings
2025,January,01/02/2025,zelle,,-100.0,Debit,BofA,Savings
2025,January,01/07/2025,interest,,0.01,Debit,BofA,Savings
2025,January,01/10/2025,michaels,,806.07,Debit,BofA,Savings
2025,January,01/13/2025,zelle,,55.0,Debit,BofA,Savings
2025,January,01/13/2025,wise,,-55.0,Debit,BofA,Savings
2025,January,01/14/2025,michaels,,234.42,Debit,BofA,Savings
2025,January,01/16/2025,transfer,,1273.0,Debit,BofA,Savings
2025,January,01/16/2025,transfer,,-1220.12,Debit,BofA,Savings
2025,January,01/17/2025,zelle,,-425.0,Debit,BofA,Savings
2025,January,01/23/2025,transfer,,-1082.42,Debit,BofA,Savings
2025,January,01/27/2025,zelle,,1500.0,Debit,BofA,Savings
2025,February,02/03/2025,zelle,,-100.0,Debit,BofA,Savings
2025,February,02/04/2025,interest,,0.01,Debit,BofA,Savings
2025,February,02/06/2025,michaels,,807.79,Debit,BofA,Savings
2025,February,02/06/2025,michaels,,795.28,Debit,BofA,Savings
2025,February,02/18/2025,transfer,,-3000.0,Debit,BofA,Savings
2025,March,03/03/2025,interest,,28.13,Debit,BofA,Savings
2025,March,03/06/2025,interest,,0.02,Debit,BofA,Savings
2025,March,03/12/2025,transfer,,-31.23,Debit,BofA,Savings
2024,January,01/02/2024,zelle,,1.0,debit,bofa,savings
2024,November,11/07/2024,zelle,,853.29,debit,bofa,savings
