Date,Description,Amount,*
09/14/2023,Beginning balance as of 09/14/2023,,500.05
09/18/2023,Zelle payment from KATHLEEN ASHLEY Conf# kw8849x1d,1.00,501.05
09/25/2023,"Zelle payment from KATHLEEN ASHLEY for Kindle + Cover""; Conf# a069qwzrj""",210.00,711.05
09/25/2023,"Zelle payment from KATHLEEN ASHLEY for Dinner""; Conf# h3rypm4zg""",15.50,726.55
10/05/2023,Interest Earned,0.01,726.56
10/20/2023,BKOFAMERICA MOBILE 10/21 XXXXX07735 DEPOSIT *MOBILE CA,725.15,"1,451.71"
10/23/2023,Zelle payment from KATHLEEN ASHLEY Conf# binexkzlg,61.50,"1,513.21"
11/03/2023,TRANSFER JOHN PROTZEL:ADRIEN PROTZEL Confirmation# XXXXX13295,"-1,013.21",500.00
11/06/2023,Interest Earned,0.03,500.03
11/24/2023,"Zelle payment from NICHOLAS MATUS for parking bc im bad at planning sorry""; Conf# 99a5irzke""",8.00,508.03
12/01/2023,"Zelle payment from Jorge Correa for RV""; Conf# 0I07P5WR0""",200.00,708.03
12/01/2023,"Zelle payment from Jorge Correa for RV""; Conf# 0I07P5TPJ""",1.00,709.03
12/05/2023,"Zelle payment to TYLER W PITTMAN for junk removal 5048 mother lode dr""; Conf# he8s8ecgd""",-400.00,309.03
12/06/2023,Monthly Maintenance Fee,-8.00,301.03
12/07/2023,"Zelle payment from KATHLEEN ASHLEY for Christmas gift""; Conf# h5h9caap8""",500.00,801.03
12/26/2023,"Zelle payment from HENRY A PROTZEL for Merry Christmas""; Conf# 99a71d8ow""",400.00,"1,201.03"
01/02/2024,"Zelle payment from RANDAL LUCKMAN for RV space rental for Jan. 2024.""; Conf# rh1j71cia""",99.00,"1,300.03"
01/05/2024,Interest Earned,0.01,"1,301.04"
01/08/2024,TRANSFER JOHN PROTZEL:ADRIEN PROTZEL Confirmation# XXXXX49556,-801.14,499.90
01/08/2024,Monthly Maintenance Fee,-8.00,491.90
01/09/2024,Zelle payment from KATHLEEN ASHLEY Conf# xnpf2t5mz,950.00,"1,441.90"
01/09/2024,TRANSFER JOHN PROTZEL:ADRIEN PROTZEL Confirmation# XXXXX76073,-930.00,511.90
01/22/2024,"Zelle payment from KATHLEEN ASHLEY for Rent""; Conf# yfxcf7qif""",264.00,775.90
01/30/2024,"Zelle payment from KATHLEEN ASHLEY for Rent""; Conf# xfl5joxqf""",288.00,"1,063.90"
02/01/2024,"Zelle payment from RANDAL LUCKMAN for Feb. 2024 toy space rental""; Conf# n7x2cx9tc""",100.00,"1,163.90"
02/05/2024,"Zelle payment from KATHLEEN ASHLEY for Rent""; Conf# jsub4axw3""",350.00,"1,513.90"
02/05/2024,"Zelle payment from HENRY A PROTZEL for Happy Birthday!""; Conf# 99a90wf4p""",200.00,"1,713.90"
02/05/2024,TRANSFER JOHN PROTZEL:ADRIEN PROTZEL Confirmation# XXXXX15674,"-1,213.90",500.00
02/05/2024,Interest Earned,0.01,500.01
02/06/2024,Monthly Maintenance Fee,-8.00,492.01
02/13/2024,MONTHLY SERVICE CHARGE REFUND FDES NMO 0006576 999998,8.00,500.01
02/20/2024,"Zelle payment from KATHLEEN ASHLEY for Rent + ipad""; Conf# yhyo11ezj""","1,052.00","1,552.01"
02/26/2024,"Zelle payment from KATHLEEN ASHLEY for Rent""; Conf# y6ygeqnre""",256.00,"1,808.01"
02/29/2024,"Zelle payment from RANDAL LUCKMAN for RV space rental for March 2024. Thanks AJ!""; Conf# q51a57ugf""",100.00,"1,908.01"
03/05/2024,TRANSFER JOHN PROTZEL:ADRIEN PROTZEL Confirmation# XXXXX77475,"-1,398.01",510.00
03/06/2024,Interest Earned,0.01,510.01
03/07/2024,Monthly Maintenance Fee,-8.00,502.01
03/14/2024,"Zelle payment from KATHLEEN ASHLEY for Amazon shopping""; Conf# szpmgglxb""",83.03,585.04
03/26/2024,ROBINHOOD DES:Funds ID:XXXXX5126 INDN:Adriem Protzel CO ID:XXXXX64776 WEB,-30.00,555.04
03/27/2024,"Zelle payment from KATHLEEN ASHLEY for Amazon stuff""; Conf# ztg5ors56""",67.00,622.04
04/01/2024,"Zelle payment from RANDAL LUCKMAN for April 2024 land rent for camper.""; Conf# rhqn4n9n3""",100.00,722.04
04/08/2024,"Zelle payment from KATHLEEN ASHLEY for Rent""; Conf# v3caobbik""",662.00,"1,384.04"
04/22/2024,"Zelle payment from KATHLEEN ASHLEY for Rent monies""; Conf# ysapevik1""","1,000.00","2,384.04"
04/29/2024,Zelle payment to Bryce Christiansen Conf# foeqhnai8,-1.02,"2,383.02"
04/29/2024,Zelle payment to Bryce Christiansen Conf# de7zxmhkr,-449.00,"1,934.02"
04/29/2024,Zelle payment to Bryce Christiansen Conf# e6s7bjq5a,-100.00,"1,834.02"
05/01/2024,"Zelle payment from RANDAL LUCKMAN for Space rental for May 2024. Thx""; Conf# py1f0sn19""",100.00,"1,934.02"
05/02/2024,Bank of America DES:CASHREWARD ID:PROTZEL INDN:XXXXX0060XXXXX84XXXXX0 CO ID:XXXXX90310 PPD,89.00,"2,023.02"
05/02/2024,TRANSFER JOHN PROTZEL:ADRIEN PROTZEL Confirmation# XXXXX24896,"-1,434.02",589.00
05/07/2024,Interest Earned,0.01,589.01
05/13/2024,"Zelle payment from KATHLEEN ASHLEY for Rent""; Conf# m5z5r5drz""",900.00,"1,489.01"
05/20/2024,"Zelle payment from KATHLEEN ASHLEY for Rent""; Conf# q1zyacuq1""",650.00,"2,139.01"
05/28/2024,"Zelle payment from KATHLEEN ASHLEY for Rent""; Conf# zx5kmnio4""","1,200.00","3,339.01"
06/03/2024,"Zelle payment from RANDAL LUCKMAN for Space rental for June 2024""; Conf# r0ymucux1""",100.00,"3,439.01"
06/03/2024,TRANSFER ADRIEN PROTZEL:ADRIEN PROTZEL Confirmation# XXXXX25576,"-2,939.01",500.00
06/04/2024,Interest Earned,0.01,500.01
06/10/2024,"Zelle payment from RANDAL LUCKMAN for Trailer purchase""; Conf# oxlopmhra""",500.00,"1,000.01"
06/17/2024,Zelle payment from KATHLEEN ASHLEY Conf# splx8r4xn,516.50,"1,516.51"
07/01/2024,Bank of America DES:CASHREWARD ID:PROTZEL INDN:XXXXX0060XXXXX84XXXXX0 CO ID:XXXXX90310 PPD,25.88,"1,542.39"
07/08/2024,Interest Earned,0.01,"1,542.40"
07/15/2024,TRANSFER ADRIEN PROTZEL:ADRIEN PROTZEL Confirmation# XXXXX61496,-942.40,600.00
07/22/2024,MONTHLY SERVICE CHARGE REFUND FDES NMO 0006576 999998,8.00,608.00
07/22/2024,Customer Withdrawal Image,-315.00,293.00
07/23/2024,ALL AMERICA BANK DES:ACCTVERIFY ID:Adrien Protzel INDN:Adrien Protzel CO ID:XXXXX5513 WEB,0.15,293.15
07/23/2024,ALL AMERICA BANK DES:ACCTVERIFY ID:Adrien Protzel INDN:Adrien Protzel CO ID:XXXXX5513 WEB,0.14,293.29
07/23/2024,ALL AMERICA BANK DES:ACCTVERIFY ID:Adrien Protzel INDN:Adrien Protzel CO ID:XXXXX5513 WEB,-0.29,293.00
07/25/2024,"Zelle payment to Aunti Rhonda for Proes application fee""; Conf# cllwypf4c""",-47.95,245.05
07/29/2024,ALL AMERICA BANK DES:Funds TRFR ID:Adrien Protzel INDN:ADRIEN PROTZEL CO ID:XXXXX16130 WEB,500.00,745.05
07/31/2024,"Zelle payment from KATHLEEN ASHLEY for Boba hehe""; Conf# y0ja0m1xk""",6.50,751.55
08/07/2024,Interest Earned,0.01,751.56
08/08/2024,Monthly Maintenance Fee,-8.00,743.56
08/12/2024,Zelle payment from Kyle Jasuta Conf# 0FBX1Q3LA,200.00,943.56
08/15/2024,BKOFAMERICA MOBILE 08/15 XXXXX41892 DEPOSIT *MOBILE CA,50.00,993.56
08/16/2024,Transfer WEALTHFRONT,1.00,994.56
08/19/2024,Wealthfront DES:EDI PYMNTS ID:2E6B97AE9E714F INDN:Adrien Protzel CO ID:XXXXX67207 WEB,-393.56,601.00
08/22/2024,BKOFAMERICA MOBILE 08/22 XXXXX90069 DEPOSIT *MOBILE CA,"1,497.32","2,098.32"
08/26/2024,"Zelle payment from DOUGLAS ZELLER for Quad""; Conf# 0IP9OTPMW""","3,000.00","5,098.32"
08/26/2024,"Zelle payment from DOUGLAS ZELLER for Quad""; Conf# 0IP9OU9Z5""",200.00,"5,298.32"
08/29/2024,Wealthfront DES:EDI PYMNTS ID:5DEA1C0B95C147 INDN:Adrien Protzel CO ID:XXXXX67207 WEB,"-4,298.32","1,000.00"
09/03/2024,BKOFAMERICA MOBILE 08/31 XXXXX67237 DEPOSIT *MOBILE CA,666.00,"1,666.00"
09/03/2024,"Zelle payment to Doug Zeller for Vehicals storage for September""; Conf# ep5twg3rg""",-100.00,"1,566.00"
09/05/2024,Interest Earned,0.01,"1,566.01"
09/16/2024,"Zelle payment from REID MICHAELS for COSCO AND DUTCH""; Conf# T0Y2TXY4J""",71.11,"1,637.12"
09/23/2024,"Zelle payment from REID MICHAELS for GROCERIES""; Conf# T0Y3CXZNK""",129.14,"1,766.26"
09/26/2024,Wealthfront DES:EDI PYMNTS ID:8DD1E8DCA95D41 INDN:Adrien Protzel CO ID:XXXXX67207 WEB,"-1,166.26",600.00
09/30/2024,Zelle payment from REID MICHAELS Conf# T0Y3VY56Z,15.00,615.00
09/30/2024,"Zelle payment to Doug Zeller for Vehicle Storage October""; Conf# f7lqrgzpt""",-100.00,515.00
10/07/2024,"Zelle payment from KATHLEEN ASHLEY for Flights""; Conf# xmr27gfxs""",832.65,"1,347.65"
10/07/2024,"Zelle payment from REID MICHAELS for SEPTEMBER RENT""; Conf# T0Y4F6QS6""",86.67,"1,434.32"
10/07/2024,Interest Earned,0.01,"1,434.33"
10/08/2024,"Zelle payment from KATHLEEN ASHLEY for Make up""; Conf# tagynw1e1""",95.00,"1,529.33"
10/09/2024,"Zelle payment from KATHLEEN ASHLEY for Amazon""; Conf# vcrj9q3j9""",61.50,"1,590.83"
10/15/2024,Zelle payment from KATHLEEN ASHLEY Conf# x6k1oyn7y,100.00,"1,690.83"
10/18/2024,"Zelle payment from REID MICHAELS for GROCERIES""; Conf# T0Y5CCCL4""",147.64,"1,838.47"
10/21/2024,Wealthfront DES:EDI PYMNTS ID:8D85BB2DF2D74B INDN:Adrien Protzel CO ID:XXXXX67207 WEB,"-1,090.83",747.64
10/28/2024,"Zelle payment from REID MICHAELS for PATCH""; Conf# T0Y66GVSC""",21.74,769.38
10/31/2024,"Zelle payment to Ted Reid Michaels for Costco October 30 2024""; Conf# brqdsggp4""",-117.43,651.95
11/01/2024,"Zelle payment from REID MICHAELS for RENT SEPTEMBER""; Conf# T0Y6Q7SRH""",172.91,824.86
11/01/2024,"Zelle payment from REID MICHAELS for DUTCH AND COSCO""; Conf# T0Y6Q7XW3""",39.45,864.31
11/01/2024,"Zelle payment to Doug Zeller for Vehicle storage November""; Conf# hdcxkx4o4""",-100.00,764.31
11/01/2024,"Zelle payment to Ted Reid Michaels for Rent: Overpayment""; Conf# i9ibw2ajq""",-86.67,677.64
11/04/2024,Bank of America DES:CASHREWARD ID:PROTZEL INDN:XXXXX0060XXXXX84XXXXX0 CO ID:XXXXX90310 PPD,30.45,708.09
11/04/2024,Interest Earned,0.01,708.10
11/07/2024,ROBINHOOD DES:Funds ID:XXXXX5126 INDN:Adriem Protzel CO ID:XXXXX64776 WEB,-25.00,"1,536.39"
11/07/2024,ROBINHOOD DES:Funds ID:XXXXX5126 INDN:Adriem Protzel CO ID:XXXXX64776 WEB,-25.00,"1,511.39"
11/08/2024,ROBINHOOD DES:Funds ID:XXXXX5126 INDN:Adriem Protzel CO ID:XXXXX64776 WEB,-10.00,"1,501.39"
11/12/2024,"Zelle payment from KATHLEEN ASHLEY for Camera stuff""; Conf# svy3z8rvq""",81.98,"1,583.37"
11/21/2024,"Zelle payment from REID MICHAELS for COSCO""; Conf# T0Y8JV56H""",82.83,"1,666.20"
12/02/2024,"Zelle payment to Doug Zeller for December vehicle storage""; Conf# g8lti7ei9""",-100.00,"1,566.20"
12/05/2024,Interest Earned,0.01,"1,566.21"
12/11/2024,"Zelle payment from REID MICHAELS for COSCO""; Conf# T0YBGYKWQ""",52.38,"1,618.59"
12/13/2024,"Zelle payment from REID MICHAELS for RENT: OCTOBER""; Conf# T0YBNB43W""",781.86,"2,400.45"
12/13/2024,Wealthfront DES:EDI PYMNTS ID:7D404498E46F4C INDN:Adrien Protzel CO ID:XXXXX67207 WEB,"-1,000.00","1,400.45"
12/18/2024,BKOFAMERICA ATM 12/18 #XXXXX6778 DEPOSIT BANK OF AMERICA TO NEW YORK NY,"1,680.00","3,080.45"
12/23/2024,Wealthfront DES:EDI PYMNTS ID:9E6566D914F74A INDN:Adrien Protzel CO ID:XXXXX67207 WEB,"-2,000.00","1,080.45"
01/02/2025,Bank of America DES:CASHREWARD ID:PROTZEL INDN:XXXXX0060XXXXX84XXXXX0 CO ID:XXXXX90310 PPD,33.59,"1,114.04"
01/02/2025,"Zelle payment to Doug Zeller for January 2025 vehicle storage""; Conf# aclm8hvbd""",-100.00,"1,014.04"
01/07/2025,Interest Earned,0.01,"1,014.05"
01/10/2025,"Zelle payment from REID MICHAELS for DECEMBER RENT""; Conf# T0YF8X84B""",806.07,"1,820.12"
01/13/2025,Zelle payment from KATHLEEN ASHLEY Conf# xdot586pe,55.00,"1,875.12"
01/13/2025,Wise Inc DES:WISE ID:Love you ken INDN:Adrien Protzel CO ID:XXXXX33521 WEB,-55.00,"1,820.12"
01/14/2025,"Zelle payment from REID MICHAELS for COSCO""; Conf# T0YFJY2QM""",234.42,"2,054.54"
01/16/2025,BKOFAMERICA ATM 01/16 #XXXXX7300 DEPOSIT JANTZEN BEACH PORTLAND OR,"1,273.00","3,327.54"
01/16/2025,Wealthfront DES:EDI PYMNTS ID:60131CF94B754B INDN:Adrien Protzel CO ID:XXXXX67207 WEB,"-1,220.12","2,107.42"
01/17/2025,Zelle payment to Renew Family Medicine Conf# d55xj1qhk,-425.00,"1,682.42"
01/23/2025,Wealthfront DES:EDI PYMNTS ID:0C17CC7298DE48 INDN:Adrien Protzel CO ID:XXXXX67207 WEB,"-1,082.42",600.00
01/27/2025,"Zelle payment from Finnegan McFetridge for Mg""; Conf# 01Y6P91UU""","1,500.00","2,100.00"
02/03/2025,"Zelle payment to Doug Zeller for February 2025 vehical storage""; Conf# i0qgakpjq""",-100.00,"2,000.00"
02/04/2025,Interest Earned,0.01,"2,000.01"
02/06/2025,"Zelle payment from REID MICHAELS for RENT: JANUARY""; Conf# T0YHR8RPX""",807.79,"2,807.80"
02/06/2025,"Zelle payment from REID MICHAELS for RENT: NOVEMBER""; Conf# T0YHR8N2Y""",795.28,"3,603.08"
02/18/2025,Wealthfront DES:EDI PYMNTS ID:9ECC87A03D3C43 INDN:Adrien Protzel CO ID:XXXXX67207 WEB,"-3,000.00",603.08
03/03/2025,Bank of America DES:CASHREWARD ID:PROTZEL INDN:XXXXX0060XXXXX84XXXXX0 CO ID:XXXXX90310 PPD,28.13,631.21
03/06/2025,Interest Earned,0.02,631.23
03/12/2025,Wealthfront DES:EDI PYMNTS ID:CFEBDDBD19E049 INDN:Adrien Protzel CO ID:XXXXX67207 WEB,-31.23,600.00
