Posted Date,Reference Number,Payee,Address,Amount
04/22/2024,24943004112898002018202,"COSTCO WHSE #0009 ALOHA OR","ALOHA         OR ",-86.71
04/19/2024,10973500020847000070665,"BA ELECTRONIC PAYMENT","",60.78
04/12/2024,24943004103898150502727,"COSTCO GAS #0009 ALOHA OR","ALOHA         OR ",-43.59
04/12/2024,24943004103898002037344,"COSTCO WHSE #0009 ALOHA OR","ALOHA         OR ",-91.95
04/12/2024,24009454102900019163078,"FREETAXUSA.COM 877-2699027 UT","877-2699027   UT ",-14.99
04/08/2024,24943004099898002087568,"COSTCO WHSE #0009 ALOHA OR","ALOHA         OR ",-58.96
04/06/2024,24943004097898060451419,"COSTCO GAS #0009 ALOHA OR","ALOHA         OR ",-44.00
04/05/2024,24011344096000021839315,"FAIRYLOOT US HTTPSUS.FAIRYOR","HTTPSUS.FAIRY OR ",-34.90
03/25/2024,24943004084898002077574,"COSTCO WHSE #0009 ALOHA OR","ALOHA         OR ",-59.53
