Posted Date,Reference Number,Payee,Address,Amount
02/21/2025,05173500020847000078989,"BA ELECTRONIC PAYMENT","",810.27
02/20/2025,24943005051153241901895,"COSTCO GAS #0111 TIGARD OR","TIGARD        OR ",-42.76
02/17/2025,04673500020847000050382,"BA ELECTRONIC PAYMENT","",810.27
02/12/2025,24943005043148347782075,"COSTCO GAS #0095 TACOMA WA","TACOMA        WA ",-46.72
02/10/2025,24943005040146565866300,"COSTCO GAS #0002 PORTLAND OR","PORTLAND      OR ",-23.77
02/01/2025,24943005032141720247389,"COSTCO WHSE #0009 ALOHA OR","ALOHA         OR ",-123.12
01/27/2025,24943005026138072280305,"COSTCO GAS #0002 PORTLAND OR","PORTLAND      OR ",-36.20
