Posted Date,Reference Number,Payee,Address,Amount
11/18/2024,24943004323095197085816,"COSTCO GAS #0002 PORTLAND OR","PORTLAND      OR ",-34.08
11/11/2024,24943004316090719123632,"COSTCO WHSE #0772 VANCOUVER WA","VANCOUVER     WA ",-184.39
11/01/2024,24943004306084424071444,"COSTCO GAS #0772 VANCOUVER WA","VANCOUVER     WA ",-30.73
11/01/2024,24943004306084415057592,"COSTCO WHSE #0772 VANCOUVER WA","VANCOUVER     WA ",-97.90
11/01/2024,24943004306084415057584,"COSTCO WHSE #0772 VANCOUVER WA","VANCOUVER     WA ",-6.29
