Transaction Date,Post Date,Description,Category,Type,Amount,Memo
01/24/2025,01/24/2025,AMAZON MKTPL*ZG9LN07W0,Shopping,Sale,-11.29,
01/23/2025,01/23/2025,AUTOMATIC PAYMENT - THANK,,Payment,1097.84,
01/19/2025,01/20/2025,BANFIELD-PET*WPPAYMENT,Bills & Utilities,Sale,-72.25,
01/10/2025,01/10/2025,UBER   *EATS,Food & Drink,Sale,-35.51,
01/09/2025,01/10/2025,APPLE.COM/US,Shopping,Sale,-699.00,
01/07/2025,01/08/2025,HERTZTOLL 545161842,Travel,Sale,-1.22,
01/08/2025,01/08/2025,UBER   *EATS,Food & Drink,Sale,-32.27,
01/06/2025,01/07/2025,UBER   *EATS,Food & Drink,Sale,-58.31,
01/06/2025,01/06/2025,LYFT   *1 RIDE 01-04,Travel,Sale,-10.58,
01/05/2025,01/06/2025,ENTERPRISE RENT-A-CAR,Travel,Sale,-49.36,
01/04/2025,01/05/2025,STATE PARKS DISCOVER PAS,Bills & Utilities,Sale,-35.00,
12/28/2024,12/29/2024,HERTZTOLL 545161842,Travel,Sale,-207.91,
12/27/2024,12/29/2024,ALAMO RENT-A-CAR,Travel,Sale,-487.55,
12/26/2024,12/26/2024,LYFT   *RIDE TUE 10AM,Travel,Sale,-131.16,
12/23/2024,12/25/2024,MTA*NYCT PAYGO,Travel,Sale,-2.90,
12/24/2024,12/25/2024,MTA*NYCT PAYGO,Travel,Sale,-8.50,
12/24/2024,12/25/2024,MTA*NYCT PAYGO,Travel,Sale,-2.90,
12/24/2024,12/25/2024,DELTA AIR   Baggage Fee,Travel,Sale,-35.00,
12/24/2024,12/25/2024,MTA*NYCT PAYGO,Travel,Sale,-2.10,
12/24/2024,12/25/2024,DELTA AIR   Baggage Fee,Travel,Sale,-80.00,
12/24/2024,12/25/2024,DELTA AIR   Baggage Fee,Travel,Sale,-35.00,
12/24/2024,12/25/2024,DELTA AIR   Baggage Fee,Travel,Sale,-35.00,
12/24/2024,12/25/2024,DELTA AIR   Baggage Fee,Travel,Sale,-35.00,
12/24/2024,12/25/2024,NJT RAIL MY-TIX,Travel,Sale,-12.00,
12/23/2024,12/25/2024,MTA*NYCT PAYGO,Travel,Sale,-2.90,
12/24/2024,12/25/2024,MTA*NYCT PAYGO,Travel,Sale,-2.90,
12/24/2024,12/25/2024,MTA*NYCT PAYGO,Travel,Sale,-8.50,
12/24/2024,12/25/2024,MTA*NYCT PAYGO,Travel,Sale,-2.90,
12/23/2024,12/24/2024,MTA*NYCT PAYGO,Travel,Sale,-2.90,
12/23/2024,12/24/2024,PATH TAPP PAYGO CP,Travel,Sale,-2.75,
12/23/2024,12/24/2024,PATH TAPP PAYGO CP,Travel,Sale,-2.75,
12/23/2024,12/24/2024,PATH TAPP PAYGO CP,Travel,Sale,-2.75,
12/23/2024,12/24/2024,PATH TAPP PAYGO CP,Travel,Sale,-2.75,
12/23/2024,12/24/2024,MTA*NYCT PAYGO,Travel,Sale,-2.90,
12/22/2024,12/23/2024,MTA*NYCT PAYGO,Travel,Sale,-2.90,
12/22/2024,12/23/2024,MTA*NYCT PAYGO,Travel,Sale,-2.90,
12/22/2024,12/23/2024,MTA*NYCT PAYGO,Travel,Sale,-2.90,
12/22/2024,12/23/2024,MTA*NYCT PAYGO,Travel,Sale,-2.90,
12/21/2024,12/23/2024,MTA*NYCT PAYGO,Travel,Sale,-2.90,
12/22/2024,12/23/2024,PATH TAPP PAYGO CP,Travel,Sale,-2.75,
12/21/2024,12/23/2024,MTA*NYCT PAYGO,Travel,Sale,-2.90,
12/21/2024,12/23/2024,MTA*NYCT PAYGO,Travel,Sale,-2.90,
12/22/2024,12/23/2024,MTA*NYCT PAYGO,Travel,Sale,-2.90,
12/21/2024,12/23/2024,MTA*NYCT PAYGO,Travel,Sale,-2.90,
12/21/2024,12/23/2024,MTA*NYCT PAYGO,Travel,Sale,-2.90,
12/21/2024,12/23/2024,MTA*NYCT PAYGO,Travel,Sale,-2.90,
12/21/2024,12/22/2024,PATH TAPP PAYGO CP,Travel,Sale,-2.75,
12/21/2024,12/22/2024,PATH TAPP PAYGO CP,Travel,Sale,-2.75,
12/21/2024,12/22/2024,PATH TAPP PAYGO CP,Travel,Sale,-2.75,
12/21/2024,12/22/2024,PATH TAPP PAYGO CP,Travel,Sale,-2.75,
12/22/2024,12/22/2024,STATUE CRUISES,Travel,Sale,-125.00,
12/19/2024,12/22/2024,MTA*NYCT PAYGO,Travel,Sale,-2.90,
12/19/2024,12/22/2024,MTA*NYCT PAYGO,Travel,Sale,-2.90,
12/19/2024,12/20/2024,PATH TAPP PAYGO CP,Travel,Sale,-2.75,
12/19/2024,12/20/2024,BANFIELD-PET*WPPAYMENT,Bills & Utilities,Sale,-72.25,
12/19/2024,12/20/2024,PATH TAPP PAYGO CP,Travel,Sale,-2.75,
12/19/2024,12/20/2024,PATH TAPP PAYGO CP,Travel,Sale,-2.75,
12/19/2024,12/20/2024,PATH TAPP PAYGO CP,Travel,Sale,-2.75,
12/18/2024,12/19/2024,MTA*NYCT PAYGO,Travel,Sale,-8.50,
12/18/2024,12/19/2024,MTA*NYCT PAYGO,Travel,Sale,-2.90,
12/18/2024,12/19/2024,MTA*NYCT PAYGO,Travel,Sale,-8.50,
12/18/2024,12/19/2024,HERTZ #0190310,Travel,Sale,-87.35,
12/19/2024,12/19/2024,MTA*NYCT PAYGO,Travel,Sale,-2.90,
12/15/2024,12/16/2024,MBTA SAVIN HILL,Travel,Sale,-2.40,
12/15/2024,12/16/2024,MBTA SAVIN HILL,Travel,Sale,-2.40,
12/15/2024,12/16/2024,MBTA SAVIN HILL,Travel,Sale,-2.40,
12/15/2024,12/16/2024,MBTA SAVIN HILL,Travel,Sale,-2.40,
12/15/2024,12/16/2024,MBTA SAVIN HILL,Travel,Sale,-2.40,
12/15/2024,12/16/2024,MBTA KENMORE,Travel,Sale,-2.40,
12/15/2024,12/16/2024,MBTA KENMORE,Travel,Sale,-4.80,
12/15/2024,12/16/2024,MBTA SAVIN HILL,Travel,Sale,-2.40,
12/14/2024,12/15/2024,MBTA SAVIN HILL,Travel,Sale,-11.00,
12/14/2024,12/15/2024,COSTCO WHSE #0333,Shopping,Sale,-148.74,
12/14/2024,12/15/2024,MBTA SAVIN HILL,Travel,Sale,-11.00,
12/11/2024,12/11/2024,LYFT   *RIDE MON 4AM,Travel,Sale,-34.69,
12/09/2024,12/11/2024,MTA*NYCT PAYGO,Travel,Sale,-2.90,
12/10/2024,12/11/2024,MTA*NYCT PAYGO,Travel,Sale,-2.90,
12/09/2024,12/11/2024,MTA*NYCT PAYGO,Travel,Sale,-2.90,
12/09/2024,12/11/2024,MTA*NYCT PAYGO,Travel,Sale,-2.90,
12/09/2024,12/11/2024,MTA*NYCT PAYGO,Travel,Sale,-2.90,
12/10/2024,12/11/2024,MTA*NYCT PAYGO,Travel,Sale,-2.90,
12/10/2024,12/10/2024,Payment Thank You-Mobile,,Payment,1714.26,
12/09/2024,12/10/2024,DELTA AIR   Baggage Fee,Travel,Sale,-35.00,
12/09/2024,12/10/2024,DELTA AIR   Baggage Fee,Travel,Sale,-35.00,
12/03/2024,12/05/2024,APPLE STORE  #R077,Shopping,Sale,-1199.00,
12/03/2024,12/04/2024,ODOT DMV 503 945 5000,Bills & Utilities,Sale,-483.00,
10/01/2024,11/24/2024,TIKTOK MERCHANT CENTRE,Shopping,Return,39.99,
11/19/2024,11/20/2024,Payment Thank You-Mobile,,Payment,2340.80,
11/19/2024,11/20/2024,BANFIELD-PET*WPPAYMENT,Bills & Utilities,Sale,-72.25,
11/07/2024,11/08/2024,B&amp;H PHOTO MOTO,Shopping,Sale,-1723.00,
11/05/2024,11/06/2024,KING COUNTY RECORDERS,Bills & Utilities,Sale,-71.00,
09/08/2024,11/03/2024,Birkenstock,Shopping,Adjustment,77.45,
10/31/2024,11/01/2024,COSTCO WHSE #0772,Shopping,Sale,-10.82,
10/31/2024,11/01/2024,HERTZ CAR RENTAL,Travel,Sale,-446.46,
10/26/2024,10/27/2024,Payment Thank You-Mobile,,Payment,78.10,
10/24/2024,10/27/2024,SAFEWAY #0400,Groceries,Sale,-22.54,
10/27/2024,10/27/2024,GNC.COM,Groceries,Sale,-144.43,
10/19/2024,10/20/2024,BANFIELD-PET*WPPAYMENT,Bills & Utilities,Sale,-72.25,
10/18/2024,10/18/2024,UBER   *EATS,Food & Drink,Sale,-5.85,
10/18/2024,10/18/2024,Payment Thank You - Web,,Payment,3668.70,
10/14/2024,10/16/2024,TIKTOK SHOP,Shopping,Return,19.36,
10/14/2024,10/16/2024,FRED MEYER #0683,Groceries,Sale,-27.06,
10/15/2024,10/15/2024,ETSY  INC.,Shopping,Sale,-40.00,
10/13/2024,10/14/2024,SQ *LA NARANJA LLC,Food & Drink,Sale,-16.00,
10/13/2024,10/14/2024,SQ *MEMORY DEN,Shopping,Sale,-100.75,
10/13/2024,10/14/2024,SQ *TALL BOY FISH &amp; CHIPS,Food & Drink,Sale,-17.00,
10/12/2024,10/14/2024,FRED MEYER #0683,Groceries,Sale,-54.36,
10/11/2024,10/13/2024,FRED MEYER #0683,Groceries,Sale,-45.02,
10/12/2024,10/13/2024,DENNY'S #6801 18007336,Food & Drink,Sale,-27.78,
10/08/2024,10/10/2024,SEPHORA PORTLAND,Shopping,Sale,-94.40,
10/08/2024,10/10/2024,Muji - Portland,Shopping,Sale,-2.90,
10/08/2024,10/10/2024,WENDY'S - 2239,Food & Drink,Sale,-24.76,
10/08/2024,10/09/2024,SICHUAN TASTE,Food & Drink,Sale,-37.90,
10/08/2024,10/09/2024,CL *Chase Travel,Travel,Sale,-194.47,
10/09/2024,10/09/2024,VISIBLE,Bills & Utilities,Sale,-25.00,
10/09/2024,10/09/2024,VISIBLE,Bills & Utilities,Sale,-25.00,
10/08/2024,10/09/2024,CL *Chase Travel,Travel,Sale,-158.47,
10/06/2024,10/08/2024,WINGSTOP 1547,Food & Drink,Sale,-16.99,
10/06/2024,10/08/2024,TST*BUBBLE N TEA LLC,Food & Drink,Sale,-6.00,
10/05/2024,10/06/2024,APPLE.COM/US,Shopping,Return,400.00,
10/04/2024,10/06/2024,STARDUST DINER,Food & Drink,Sale,-12.86,
10/04/2024,10/06/2024,CL *Chase Travel,Travel,Sale,-158.47,
10/03/2024,10/06/2024,McDonalds 3732,Food & Drink,Sale,-1.49,
10/03/2024,10/04/2024,SP LAVENDER CREEK GE,Shopping,Sale,-2210.00,
10/03/2024,10/04/2024,TRAVEL CREDIT $300/YEAR,Fees & Adjustments,Adjustment,226.39,
10/03/2024,10/04/2024,CL *Chase Travel,Travel,Sale,-673.92,
10/01/2024,10/02/2024,TIKTOK MERCHANT CENTRE,Shopping,Sale,-66.21,
09/29/2024,09/30/2024,WASHINGTON SQUARE  OR-ANF,Shopping,Sale,-58.00,
09/27/2024,09/29/2024,NOPO PAWS,Shopping,Sale,-33.00,
09/27/2024,09/29/2024,SAFEWAY #0509,Groceries,Sale,-26.01,
09/27/2024,09/29/2024,VIOC 090071,Automotive,Sale,-82.80,
09/27/2024,09/29/2024,GERBROCK AND CO,Automotive,Sale,-75.00,
09/25/2024,09/27/2024,STAPLES       00106385,Shopping,Return,9.99,
09/25/2024,09/27/2024,STAPLES       00106385,Shopping,Sale,-9.99,
09/25/2024,09/26/2024,WAL-MART #3145,Groceries,Sale,-2.83,
09/25/2024,09/25/2024,Payment Thank You - Web,,Payment,3057.62,
09/23/2024,09/24/2024,APPLE.COM/US,Shopping,Sale,-1099.00,
09/23/2024,09/24/2024,ETSY  INC.,Shopping,Sale,-39.90,
09/21/2024,09/23/2024,SCHWIETERTS CONES AND CAN,Food & Drink,Sale,-4.99,
09/21/2024,09/23/2024,TIS THE SEASON,Shopping,Sale,-3.99,
09/21/2024,09/23/2024,TST*MOS SEAFOOD &amp; CHOWDE,Food & Drink,Sale,-47.70,
09/21/2024,09/23/2024,TIPTONS INC,Food & Drink,Sale,-12.99,
09/21/2024,09/23/2024,NORTH COAST LEATHER,Shopping,Sale,-44.95,
09/20/2024,09/22/2024,TRADER JOE S #141,Groceries,Sale,-10.99,
09/20/2024,09/22/2024,CHEWY.COM,Shopping,Sale,-39.64,
09/21/2024,09/22/2024,APPLE.COM/US,Shopping,Sale,-1099.00,
09/19/2024,09/22/2024,SAFEWAY #2637,Groceries,Sale,-19.89,
09/19/2024,09/22/2024,RECREATION.GOV,Bills & Utilities,Sale,-20.00,
09/21/2024,09/22/2024,SQ *SEASIDE CONFECTIONS I,Food & Drink,Sale,-9.50,
09/21/2024,09/22/2024,TARGET        00027797,Shopping,Sale,-21.00,
09/20/2024,09/22/2024,UWAJIMAYA,Groceries,Sale,-56.50,
09/20/2024,09/22/2024,SAFEWAY #0400,Groceries,Sale,-13.94,
09/18/2024,09/20/2024,JACK IN THE BOX 7180,Food & Drink,Sale,-5.41,
09/19/2024,09/20/2024,BANFIELD-PET*WPPAYMENT,Bills & Utilities,Sale,-72.25,
09/18/2024,09/20/2024,DUTCH BROS WA1301,Food & Drink,Sale,-13.89,
09/19/2024,09/20/2024,JACK IN THE BOX 7180,Food & Drink,Sale,-10.81,
09/18/2024,09/19/2024,DOLLAR TREE,Shopping,Sale,-13.50,
09/18/2024,09/19/2024,TARGET        00027797,Shopping,Sale,-28.27,
09/18/2024,09/19/2024,MICHAELS STORES 5725,Shopping,Sale,-29.98,
09/18/2024,09/19/2024,TARGET        00027797,Shopping,Sale,-40.27,
09/15/2024,09/17/2024,DUTCH BROS OR3504 PORTLAN,Food & Drink,Sale,-19.35,
09/15/2024,09/16/2024,IKEA PORTLAND,Home,Sale,-10.97,
09/14/2024,09/16/2024,ASIAN FOOD CENTER,Groceries,Sale,-26.72,
09/15/2024,09/16/2024,TARGET        00027797,Shopping,Sale,-5.48,
09/15/2024,09/16/2024,IKEA PORTLAND REST,Food & Drink,Sale,-10.98,
09/12/2024,09/15/2024,TRADER JOE S #136,Groceries,Sale,-37.60,
09/14/2024,09/15/2024,THAI BLOOM FOOD CART,Food & Drink,Sale,-15.00,
09/13/2024,09/15/2024,SICHUAN TASTE,Food & Drink,Sale,-65.90,
09/14/2024,09/15/2024,PP*THE FRYING SCOTSMAN,Food & Drink,Sale,-14.50,
09/12/2024,09/13/2024,PANDA EXPRESS 1094,Food & Drink,Sale,-23.54,
09/12/2024,09/13/2024,DAISO HAZEL DELL MARKETPL,Shopping,Sale,-58.05,
09/11/2024,09/12/2024,TARGET        00027797,Shopping,Sale,-11.17,
09/11/2024,09/11/2024,Payment Thank You - Web,,Payment,3909.25,
09/07/2024,09/10/2024,SORYA ASIAN MARKET,Groceries,Sale,-9.97,
09/08/2024,09/09/2024,T J MAXX #1334,Shopping,Sale,-13.99,
09/08/2024,09/09/2024,TARGET        00027797,Shopping,Sale,-23.18,
09/07/2024,09/09/2024,TRADER JOE S #136,Groceries,Sale,-49.87,
09/08/2024,09/09/2024,Birkenstock,Shopping,Sale,-77.45,
09/06/2024,09/08/2024,STAPLES       00106385,Shopping,Sale,-6.49,
09/06/2024,09/08/2024,SAFEWAY #1073,Groceries,Sale,-27.53,
09/06/2024,09/08/2024,COSTCO WHSE #0009,Shopping,Sale,-3.98,
09/06/2024,09/08/2024,GOODWILL OF GRIFFITH PARK,Gifts & Donations,Sale,-6.99,
09/06/2024,09/08/2024,HOMEGOODS # 0696,Shopping,Sale,-23.97,
09/04/2024,09/05/2024,DAISO HAZEL DELL MARKETPL,Shopping,Sale,-23.86,
09/03/2024,09/04/2024,AIRBNB * HMC5NCYCDF,Travel,Return,68.01,
09/02/2024,09/03/2024,SQ *PISTILS NURSERY - MIS,Shopping,Sale,-53.00,
09/01/2024,09/03/2024,TARGET        00027797,Shopping,Sale,-54.39,
08/31/2024,09/02/2024,SAFEWAY #1073,Groceries,Sale,-18.06,
09/01/2024,09/02/2024,DOMINO'S 7109,Food & Drink,Sale,-10.99,
08/31/2024,09/02/2024,ASIAN FOOD CENTER,Groceries,Sale,-39.75,
08/30/2024,09/01/2024,TARGET        00027797,Shopping,Sale,-28.02,
08/30/2024,09/01/2024,WOLFS HEAD,Food & Drink,Sale,-35.50,
08/31/2024,09/01/2024,COSTCO GAS #0009,Gas,Sale,-25.85,
08/31/2024,09/01/2024,COSTCO WHSE #0009,Shopping,Sale,-55.35,
08/26/2024,08/27/2024,HOMEGOODS # 0696,Shopping,Sale,-9.99,
08/24/2024,08/26/2024,SICHUAN TASTE,Food & Drink,Sale,-59.85,
08/24/2024,08/26/2024,DUTCH BROS OR3505 PORTLAN,Food & Drink,Sale,-13.46,
08/24/2024,08/26/2024,OTAKU IMPORT EXPORT,Shopping,Sale,-20.95,
08/24/2024,08/25/2024,SQ *MEMORY DEN,Shopping,Sale,-12.75,
08/23/2024,08/25/2024,BOOMERS BURGERS &amp; RIBS,Food & Drink,Sale,-25.90,
08/22/2024,08/25/2024,FRED-MEYER #0035,Groceries,Sale,-38.15,
08/22/2024,08/25/2024,ASIAN FOOD CENTER,Groceries,Sale,-27.70,
08/22/2024,08/23/2024,UWAJIMAYA,Groceries,Sale,-31.05,
08/22/2024,08/23/2024,COSTCO GAS #0009,Gas,Sale,-45.65,
08/22/2024,08/23/2024,COSTCO WHSE #0009,Shopping,Sale,-125.17,
08/19/2024,08/21/2024,DUTCH BROS WA1604,Food & Drink,Sale,-13.56,
08/19/2024,08/21/2024,SAFEWAY #4405,Groceries,Sale,-15.51,
08/19/2024,08/20/2024,PETSMART # 1932,Shopping,Sale,-21.67,
08/19/2024,08/20/2024,BANFIELD-PET*WPPAYMENT,Bills & Utilities,Sale,-72.25,
08/19/2024,08/20/2024,BANFIELD 1932,Personal,Sale,-87.36,
08/17/2024,08/19/2024,TRADER JOE S #144,Groceries,Sale,-28.82,
08/17/2024,08/19/2024,SAFEWAY #3134,Groceries,Sale,-51.59,
08/17/2024,08/19/2024,H MART BELMONT,Groceries,Sale,-89.09,
08/15/2024,08/18/2024,McDonalds 3732,Food & Drink,Sale,-1.49,
08/17/2024,08/18/2024,UBER   EATS,Food & Drink,Sale,-21.03,
08/15/2024,08/16/2024,PORTLAND GENERAL ELECTRIC,Bills & Utilities,Sale,-65.80,
08/15/2024,08/16/2024,TRAVEL CREDIT $300/YEAR,Fees & Adjustments,Adjustment,68.01,
08/15/2024,08/16/2024,AIRBNB  HMC5NCYCDF,Travel,Sale,-68.01,
08/15/2024,08/15/2024,RUGSUSA.COM,Home,Sale,-225.95,
08/12/2024,08/13/2024,BOOMERS BURGERS &amp; RIBS,Food & Drink,Sale,-28.95,
08/11/2024,08/12/2024,XFINITY MOBILE,Bills & Utilities,Sale,-68.32,
08/09/2024,08/11/2024,SAFEWAY #1073,Groceries,Sale,-31.89,
08/09/2024,08/11/2024,TST*BUBBLE N TEA LLC,Food & Drink,Sale,-6.00,
08/09/2024,08/11/2024,CHIPOTLE 0512,Food & Drink,Sale,-18.95,
08/10/2024,08/11/2024,COMCAST PORTLAND,Bills & Utilities,Sale,-17.43,
08/10/2024,08/11/2024,Payment Thank You - Web,,Payment,491.12,
08/10/2024,08/11/2024,T J MAXX #1334,Shopping,Sale,-4.99,
08/09/2024,08/11/2024,PAY READY * AVENUE5 RE,Professional Services,Sale,-119.93,
08/09/2024,08/11/2024,COSTCO GAS #0009,Gas,Sale,-33.01,
08/09/2024,08/11/2024,COSTCO WHSE #0009,Shopping,Sale,-81.62,
08/10/2024,08/11/2024,HOMEGOODS # 0696,Shopping,Sale,-91.96,
08/09/2024,08/11/2024,CINEMARK 483 ONLINE,Entertainment,Sale,-24.78,
08/09/2024,08/11/2024,COMCAST CABLE COMM,Bills & Utilities,Sale,-30.00,
08/08/2024,08/09/2024,Amazon.com*RM4RB9CO1,Shopping,Sale,-81.93,
08/08/2024,08/09/2024,Amazon.com*RM1YJ8EH2,Shopping,Sale,-8.19,
08/04/2024,08/07/2024,MOVINGHELP.COM,Home,Return,5.95,
08/04/2024,08/06/2024,H MART BELMONT,Groceries,Sale,-37.07,
08/04/2024,08/06/2024,SAFEWAY #1612,Groceries,Sale,-18.31,
08/05/2024,08/06/2024,UBER   EATS,Food & Drink,Sale,-6.03,
08/04/2024,08/06/2024,TARGET        00027797,Shopping,Sale,-36.60,
08/05/2024,08/06/2024,USPS PO 4067630017,Shopping,Sale,-6.70,
08/05/2024,08/06/2024,USPS CHANGE OF ADDRESS,Shopping,Sale,-1.10,
08/04/2024,08/05/2024,COSTCO WHSE #0002,Shopping,Sale,-174.95,
08/04/2024,08/05/2024,UBER   EATS,Food & Drink,Sale,-58.31,
08/02/2024,08/04/2024,MOVINGHELP.COM,Home,Sale,-233.85,
08/03/2024,08/04/2024,TST* JAYBEE'S CHICKEN - J,Food & Drink,Sale,-41.80,
08/01/2024,08/04/2024,THE HOME DEPOT 4018,Home,Sale,-9.48,
08/02/2024,08/04/2024,THE HOME DEPOT 4018,Home,Sale,-26.96,
08/03/2024,08/04/2024,COSTCO GAS #0009,Gas,Sale,-40.93,
08/03/2024,08/04/2024,COSTCO WHSE #0009,Shopping,Return,396.98,
08/02/2024,08/04/2024,COSTCO GAS #0009,Gas,Sale,-19.20,
08/01/2024,08/04/2024,U-HAUL STORAGE OF BEAVERT,Shopping,Sale,-41.39,
08/03/2024,08/04/2024,COSTCO WHSE #0009,Shopping,Sale,-3.99,
08/02/2024,08/04/2024,U-HAUL STORAGE OF BEAVERT,Automotive,Sale,-155.92,
08/02/2024,08/04/2024,U-HAUL STORAGE OF BEAVERT,Shopping,Sale,-8.95,
08/01/2024,08/02/2024,PORTLAND GENERAL ELECTRIC,Bills & Utilities,Sale,-69.62,
08/01/2024,08/02/2024,FRED-MEYER #0035,Groceries,Sale,-28.06,
08/01/2024,08/02/2024,SICHUAN TASTE,Food & Drink,Sale,-51.45,
07/31/2024,08/01/2024,TEA &amp; TEA INC,Food & Drink,Sale,-6.50,
07/31/2024,08/01/2024,AMAZON MKTPL*RV03C39X0,Shopping,Sale,-44.94,
07/29/2024,07/31/2024,MOVINGHELP.COM,Home,Sale,-239.80,
07/29/2024,07/30/2024,AMAZON MKTPL*RV7K191G1,Shopping,Sale,-33.92,
07/28/2024,07/30/2024,THE HOME DEPOT 4001,Home,Sale,-31.01,
07/28/2024,07/30/2024,SAFEWAY #1073,Groceries,Sale,-5.59,
07/29/2024,07/30/2024,Amazon.com*RV5CR65O0,Shopping,Sale,-3.97,
07/28/2024,07/30/2024,THE HOME DEPOT 4018,Home,Sale,-13.92,
07/28/2024,07/29/2024,COSTCO WHSE #0009,Shopping,Sale,-7.99,
07/27/2024,07/29/2024,TST* BUBBLE N TEA LLC,Food & Drink,Sale,-6.00,
07/28/2024,07/29/2024,AMAZON MKTPL*RV3K54BB2,Shopping,Sale,-21.80,
07/25/2024,07/28/2024,PYL*Greystar,Professional Services,Sale,-47.95,
07/26/2024,07/28/2024,PAR*FIVE GUYS - CEDAR HIL,Food & Drink,Sale,-19.47,
07/25/2024,07/28/2024,THE HOME DEPOT 4007,Home,Sale,-38.36,
07/27/2024,07/28/2024,CHIPOTLE 0512,Food & Drink,Sale,-20.95,
07/26/2024,07/28/2024,Amazon Prime*RV2PA2TS2,Bills & Utilities,Sale,-6.99,
07/26/2024,07/28/2024,DOLLAR TREE,Shopping,Sale,-6.50,
07/26/2024,07/28/2024,UEP*SUSHI CHIYO INC,Food & Drink,Sale,-10.05,
07/25/2024,07/26/2024,TARGET        00027797,Shopping,Sale,-4.68,
07/23/2024,07/25/2024,DUTCH BROS OR2304,Food & Drink,Sale,-5.25,
07/21/2024,07/23/2024,ASIAN FOOD CENTER,Groceries,Sale,-19.76,
07/20/2024,07/22/2024,MUD BAY BEAVERTON TOWN SQ,Shopping,Sale,-60.99,
07/21/2024,07/22/2024,COSTCO WHSE #0009,Shopping,Sale,-6.48,
07/21/2024,07/22/2024,TJMAXX #0343,Shopping,Sale,-24.95,
07/21/2024,07/22/2024,AMAZON MKTPL*RJ72W4EH2,Shopping,Sale,-1.37,
07/21/2024,07/22/2024,COSTCO WHSE #0009,Shopping,Sale,-89.17,
07/19/2024,07/21/2024,UWAJIMAYA,Groceries,Sale,-60.35,
07/18/2024,07/21/2024,McDonalds 2160,Food & Drink,Sale,-5.19,
07/18/2024,07/21/2024,SAFEWAY #1073,Groceries,Sale,-46.75,
07/18/2024,07/19/2024,FRED-MEYER #0035,Groceries,Sale,-24.42,
07/15/2024,07/16/2024,KNOWN TRAVELER CREDIT,Fees & Adjustments,Adjustment,100.00,
07/15/2024,07/16/2024,USCUSTOMS TRUSTEDTRAVELER,Bills & Utilities,Sale,-100.00,
07/14/2024,07/15/2024,DUTCH BROS OR0404 HILLSBO,Food & Drink,Sale,-11.40,
07/13/2024,07/14/2024,Payment Thank You - Web,,Payment,1338.82,
07/12/2024,07/14/2024,ASIAN FOOD CENTER,Groceries,Sale,-20.23,
07/12/2024,07/14/2024,SAFEWAY #1073,Groceries,Sale,-61.37,
07/12/2024,07/14/2024,COSTCO GAS #0009,Gas,Sale,-42.50,
07/12/2024,07/14/2024,XFINITY MOBILE,Bills & Utilities,Sale,-68.18,
07/12/2024,07/14/2024,COSTCO WHSE #0009,Shopping,Sale,-142.06,
07/12/2024,07/14/2024,COSTCO WHSE #0009,Shopping,Sale,-3.00,
07/12/2024,07/14/2024,COSTCO WHSE #0009,Shopping,Return,19.99,
07/12/2024,07/14/2024,BANFIELD 5267,Personal,Sale,-215.94,
07/11/2024,07/12/2024,UBER   EATS,Food & Drink,Sale,-17.56,
07/09/2024,07/09/2024,COMCAST CABLE COMM,Bills & Utilities,Sale,-30.00,
07/07/2024,07/09/2024,OFFICE DEPOT #3369,Shopping,Sale,-10.99,
07/07/2024,07/08/2024,TJMAXX #0343,Shopping,Sale,-14.00,
07/06/2024,07/08/2024,SAFEWAY #1073,Groceries,Sale,-15.26,
07/06/2024,07/07/2024,ICONICST2679,Shopping,Sale,-8.63,
07/06/2024,07/07/2024,ATLANTA AIRPORT,Food & Drink,Sale,-4.32,
07/06/2024,07/07/2024,ATLANTA AIRPORT,Food & Drink,Sale,-24.27,
07/05/2024,07/07/2024,BATAVIA III,Food & Drink,Sale,-12.68,
07/05/2024,07/07/2024,BATAVIA III,Food & Drink,Sale,-100.81,
07/02/2024,07/04/2024,HUDSON ST1861,Shopping,Sale,-9.99,
07/02/2024,07/04/2024,SAFEWAY #1073,Groceries,Sale,-21.24,
07/03/2024,07/04/2024,TILLAMOOK MARKET AT PDX,Food & Drink,Sale,-17.11,
07/03/2024,07/04/2024,0786-POOR YOUR NW TRAV,Shopping,Sale,-9.37,
07/02/2024,07/03/2024,IRINA MOGA DDS,Health & Wellness,Sale,-62.50,
07/02/2024,07/03/2024,TRAVEL CREDIT $300/YEAR,Fees & Adjustments,Adjustment,2.80,
07/02/2024,07/03/2024,HOP*00R2QYY TRIMET 70,Travel,Sale,-2.80,
07/02/2024,07/03/2024,SQ *MIKIKO MOCHI DONUTS -,Food & Drink,Sale,-20.50,
07/02/2024,07/03/2024,TRAVEL CREDIT $300/YEAR,Fees & Adjustments,Adjustment,2.80,
07/02/2024,07/03/2024,HOP*00R2QZ2 TRIMET 70,Travel,Sale,-2.80,
06/30/2024,07/02/2024,SAFEWAY #1073,Groceries,Sale,-19.55,
07/01/2024,07/01/2024,ANNUAL MEMBERSHIP FEE,Fees & Adjustments,Fee,-550.00,
06/30/2024,07/01/2024,AUNTIE ANNE'S,Food & Drink,Sale,-8.99,
06/30/2024,07/01/2024,TJMAXX #0343,Shopping,Sale,-22.98,
06/30/2024,07/01/2024,UWAJIMAYA,Groceries,Sale,-13.66,
06/30/2024,07/01/2024,FRED-MEYER #0035,Groceries,Sale,-17.66,
06/29/2024,06/30/2024,USPS PO 4006880100,Shopping,Sale,-1.39,
06/30/2024,06/30/2024,American Eagle 2254,Shopping,Sale,-19.98,
06/29/2024,06/30/2024,T J MAXX #1414,Shopping,Sale,-59.95,
06/29/2024,06/30/2024,COSTCO WHSE #0009,Shopping,Sale,-124.89,
06/29/2024,06/30/2024,HMART - PORTLAND,Groceries,Sale,-26.15,
06/30/2024,06/30/2024,Calvin Klein,Shopping,Sale,-62.00,
06/26/2024,06/28/2024,IRINA MOGA DDS,Health & Wellness,Sale,-14.00,
06/26/2024,06/27/2024,Amazon Prime*RC8RK34W2,Bills & Utilities,Sale,-6.99,
06/25/2024,06/25/2024,Payment Thank You-Mobile,,Payment,1899.43,
06/23/2024,06/25/2024,DUTCH BROS OR3103,Food & Drink,Sale,-11.40,
06/23/2024,06/24/2024,TST* NONNA EMILIA RISTORA,Food & Drink,Sale,-49.87,
06/22/2024,06/23/2024,STEAMGAMES.COM 4259522985,Entertainment,Sale,-39.99,
06/21/2024,06/23/2024,PANDA EXPRESS #694,Food & Drink,Sale,-10.40,
06/22/2024,06/23/2024,ROVER.COM* PET SVCS.,Personal,Return,168.72,
06/21/2024,06/23/2024,COSTCO WHSE #0009,Shopping,Sale,-146.48,
06/21/2024,06/23/2024,FRED-MEYER #0035,Groceries,Sale,-22.96,
06/21/2024,06/23/2024,BURGER KING #4159,Food & Drink,Sale,-5.99,
06/21/2024,06/23/2024,ASIAN FOOD CENTER,Groceries,Sale,-48.51,
06/21/2024,06/23/2024,USPS PO 4006880100,Shopping,Sale,-7.89,
06/21/2024,06/23/2024,SAFEWAY #1073,Groceries,Sale,-34.93,
06/18/2024,06/20/2024,TRADER JOE S #141,Groceries,Sale,-4.78,
06/16/2024,06/17/2024,CHIPOTLE 0512,Food & Drink,Sale,-20.90,
06/16/2024,06/17/2024,TJMAXX #0343,Shopping,Sale,-37.96,
06/16/2024,06/17/2024,JACK IN THE BOX 7118,Food & Drink,Sale,-29.30,
06/15/2024,06/16/2024,DONUT KING,Food & Drink,Sale,-11.99,
06/15/2024,06/16/2024,FRED-MEYER #0035,Groceries,Sale,-49.80,
06/13/2024,06/14/2024,EL DORADO IRRIGATION DIS,Bills & Utilities,Sale,-125.57,
06/12/2024,06/13/2024,AMZN Mktp US,Shopping,Return,28.44,
06/09/2024,06/13/2024,XIN DING DUMPLING HOUSE,Food & Drink,Sale,-50.85,
06/10/2024,06/11/2024,PORTLAND GENERAL ELECTRIC,Bills & Utilities,Sale,-53.78,
06/10/2024,06/11/2024,EL DORADO IRRIGATION DIS,Bills & Utilities,Sale,-125.57,
06/10/2024,06/11/2024,USPS PO 4006880100,Shopping,Sale,-15.77,
06/09/2024,06/11/2024,FRED-MEYER #0482,Groceries,Sale,-219.97,
06/10/2024,06/11/2024,AMZN Mktp US*569OS06U3,Shopping,Sale,-6.59,
06/09/2024,06/11/2024,OTAKU IMPORT EXPORT,Shopping,Sale,-40.90,
06/07/2024,06/10/2024,MUD BAY BEAVERTON TOWN SQ,Shopping,Sale,-16.48,
06/08/2024,06/10/2024,ASIAN FOOD CENTER,Groceries,Sale,-50.64,
06/09/2024,06/10/2024,COSTCO WHSE #0009,Shopping,Sale,-147.93,
06/10/2024,06/10/2024,GNC.COM,Groceries,Sale,-204.69,
06/09/2024,06/10/2024,AMZN Mktp US*CR9YJ0GG3,Shopping,Sale,-28.44,
06/08/2024,06/09/2024,SQ *FRESHFISH POKE,Food & Drink,Sale,-18.70,
06/08/2024,06/09/2024,SQ *WE FEAST LLC,Food & Drink,Sale,-18.70,
06/08/2024,06/09/2024,COSTCO GAS #0009,Gas,Sale,-38.45,
06/08/2024,06/09/2024,COSTCO WHSE #0009,Shopping,Sale,-163.74,
06/08/2024,06/09/2024,BVD*BeenVerified.com,Bills & Utilities,Sale,-29.99,
06/07/2024,06/09/2024,QFC #5202,Groceries,Sale,-4.00,
06/07/2024,06/09/2024,FRED-MEYER #0035,Groceries,Sale,-18.77,
06/07/2024,06/09/2024,QFC #5202,Groceries,Sale,-5.65,
06/08/2024,06/09/2024,GMART - BEAVERTON,Groceries,Sale,-17.44,
06/07/2024,06/09/2024,THE UPS STORE 859,Personal,Sale,-3.50,
06/08/2024,06/09/2024,ROVER.COM* PET SVCS.,Personal,Sale,-168.72,
