Description,,Summary Amt.
Beginning balance as of 06/07/2023,,"501.17"
Total credits,,"3,020.05"
Total debits,,"-3,021.17"
Ending balance as of 07/06/2023,,"500.05"

Date,Description,Amount,Running Bal.
06/07/2023,Beginning balance as of 06/07/2023,,"501.17"
06/13/2023,"Counter Credit","2,220.00","2,721.17"
06/21/2023,"BKOFAMERICA ATM 06/21 #XXXXX2591 DEPOSIT EVERETT EVERETT WA","800.00","3,521.17"
06/29/2023,"TRANSFER JOHN PROTZEL:ADRIEN PROTZEL Confirmation# XXXXX67662","-3,021.17","500.00"
07/06/2023,"Interest Earned","0.05","500.05"
