Description,,Summary Amt.
Beginning balance as of 02/06/2024,,"500.01"
Total credits,,"1,416.01"
Total debits,,"-1,406.01"
Ending balance as of 03/06/2024,,"510.01"

Date,Description,Amount,Running Bal.
02/06/2024,Beginning balance as of 02/06/2024,,"500.01"
02/06/2024,"Monthly Maintenance Fee","-8.00","492.01"
02/13/2024,"MONTHLY SERVICE CHARGE REFUND FDES NMO 0006576 999998","8.00","500.01"
02/20/2024,"Zelle payment from KATHLEEN ASHLEY for "Rent + ipad"; Conf# yhyo11ezj","1,052.00","1,552.01"
02/26/2024,"Zelle payment from KATHLEEN ASHLEY for "Rent"; Conf# y6ygeqnre","256.00","1,808.01"
02/29/2024,"Zelle payment from RANDAL LUCKMAN for "RV space rental for March 2024. Thanks AJ!"; Conf# q51a57ugf","100.00","1,908.01"
03/05/2024,"TRANSFER JOHN PROTZEL:ADRIEN PROTZEL Confirmation# XXXXX77475","-1,398.01","510.00"
03/06/2024,"Interest Earned","0.01","510.01"
