Description,,Summary Amt.
Beginning balance as of 04/06/2024,,"722.04"
Total credits,,"1,851.01"
Total debits,,"-1,984.04"
Ending balance as of 05/07/2024,,"589.01"

Date,Description,Amount,Running Bal.
04/06/2024,Beginning balance as of 04/06/2024,,"722.04"
04/08/2024,"Zelle payment from KATHLEEN ASHLEY for "Rent"; Conf# v3caobbik","662.00","1,384.04"
04/22/2024,"Zelle payment from KATHLEEN ASHLEY for "Rent monies"; Conf# ysapevik1","1,000.00","2,384.04"
04/29/2024,"Zelle payment to Bryce Christiansen Conf# foeqhnai8","-1.02","2,383.02"
04/29/2024,"Zelle payment to Bryce Christiansen Conf# de7zxmhkr","-449.00","1,934.02"
04/29/2024,"Zelle payment to Bryce Christiansen Conf# e6s7bjq5a","-100.00","1,834.02"
05/01/2024,"Zelle payment from RANDAL LUCKMAN for "Space rental for May 2024. Thx"; Conf# py1f0sn19","100.00","1,934.02"
05/02/2024,"Bank of America DES:CASHREWARD ID:PROTZEL INDN:XXXXX0060XXXXX84XXXXX0 CO ID:XXXXX90310 PPD","89.00","2,023.02"
05/02/2024,"TRANSFER JOHN PROTZEL:ADRIEN PROTZEL Confirmation# XXXXX24896","-1,434.02","589.00"
05/07/2024,"Interest Earned","0.01","589.01"
