Description,,Summary Amt.
Beginning balance as of 05/08/2024,,"589.01"
Total credits,,"2,850.01"
Total debits,,"-2,939.01"
Ending balance as of 06/04/2024,,"500.01"

Date,Description,Amount,Running Bal.
05/08/2024,Beginning balance as of 05/08/2024,,"589.01"
05/13/2024,"Zelle payment from KATHLEEN ASHLEY for "Rent"; Conf# m5z5r5drz","900.00","1,489.01"
05/20/2024,"Zelle payment from KATHLEEN ASHLEY for "Rent"; Conf# q1zyacuq1","650.00","2,139.01"
05/28/2024,"Zelle payment from KATHLEEN ASHLEY for "Rent"; Conf# zx5kmnio4","1,200.00","3,339.01"
06/03/2024,"Zelle payment from RANDAL LUCKMAN for "Space rental for June 2024"; Conf# r0ymucux1","100.00","3,439.01"
06/03/2024,"TRANSFER ADRIEN PROTZEL:ADRIEN PROTZEL Confirmation# XXXXX25576","-2,939.01","500.00"
06/04/2024,"Interest Earned","0.01","500.01"
