Description,,Summary Amt.
Beginning balance as of 03/07/2024,,"510.01"
Total credits,,"250.03"
Total debits,,"-38.00"
Ending balance as of 04/05/2024,,"722.04"

Date,Description,Amount,Running Bal.
03/07/2024,Beginning balance as of 03/07/2024,,"510.01"
03/07/2024,"Monthly Maintenance Fee","-8.00","502.01"
03/14/2024,"Zelle payment from KATHLEEN ASHLEY for "Amazon shopping"; Conf# szpmgglxb","83.03","585.04"
03/26/2024,"ROBINHOOD DES:Funds ID:XXXXX5126 INDN:Adriem Protzel CO ID:XXXXX64776 WEB","-30.00","555.04"
03/27/2024,"Zelle payment from KATHLEEN ASHLEY for "Amazon stuff"; Conf# ztg5ors56","67.00","622.04"
04/01/2024,"Zelle payment from RANDAL LUCKMAN for "April 2024 land rent for camper."; Conf# rhqn4n9n3","100.00","722.04"
