Description,,Summary Amt.
Beginning balance as of 09/07/2023,,"500.05"
Total credits,,"226.51"
Total debits,,"0.00"
Ending balance as of 10/05/2023,,"726.56"

Date,Description,Amount,Running Bal.
09/07/2023,Beginning balance as of 09/07/2023,,"500.05"
09/18/2023,"Zelle payment from KATHLEEN ASHLEY Conf# kw8849x1d","1.00","501.05"
09/25/2023,"Zelle payment from KATHLEEN ASHLEY for "Kindle + Cover"; Conf# a069qwzrj","210.00","711.05"
09/25/2023,"Zelle payment from KATHLEEN ASHLEY for "Dinner"; Conf# h3rypm4zg","15.50","726.55"
10/05/2023,"Interest Earned","0.01","726.56"
