Description,,Summary Amt.
Beginning balance as of 04/06/2023,,"56,588.03"
Total credits,,"28.71"
Total debits,,"-4,096.22"
Ending balance as of 05/05/2023,,"52,520.52"

Date,Description,Amount,Running Bal.
04/06/2023,Beginning balance as of 04/06/2023,,"56,588.03"
04/06/2023,"BANK OF AMERICA CREDIT CARD Bill Payment","-896.22","55,691.81"
05/01/2023,"Bank of America DES:CASHREWARD ID:PROTZEL INDN:XXXXX0060XXXXX84XXXXX0 CO ID:XXXXX90310 PPD","27.35","55,719.16"
05/02/2023,"Online Banking transfer to CHK 0275 Confirmation# XXXXX90427","-1,600.00","54,119.16"
05/02/2023,"Online Banking transfer to CHK 0275 Confirmation# XXXXX00652","-600.00","53,519.16"
05/02/2023,"ALL AMERICA BANK DES:OnlineAcct ID:20281 INDN:ADRIEN PROTZEL CO ID:XXXXX1456 WEB","-1,000.00","52,519.16"
05/05/2023,"Interest Earned","1.36","52,520.52"
