Description,,Summary Amt.
Beginning balance as of 06/05/2024,,"500.01"
Total credits,,"1,042.39"
Total debits,,"0.00"
Ending balance as of 07/08/2024,,"1,542.40"

Date,Description,Amount,Running Bal.
06/05/2024,Beginning balance as of 06/05/2024,,"500.01"
06/10/2024,"Zelle payment from RANDAL LUCKMAN for "Trailer purchase"; Conf# oxlopmhra","500.00","1,000.01"
06/17/2024,"Zelle payment from KATHLEEN ASHLEY Conf# splx8r4xn","516.50","1,516.51"
07/01/2024,"Bank of America DES:CASHREWARD ID:PROTZEL INDN:XXXXX0060XXXXX84XXXXX0 CO ID:XXXXX90310 PPD","25.88","1,542.39"
07/08/2024,"Interest Earned","0.01","1,542.40"
