Description,,Summary Amt.
Beginning balance as of 10/06/2023,,"726.56"
Total credits,,"786.68"
Total debits,,"-1,013.21"
Ending balance as of 11/06/2023,,"500.03"

Date,Description,Amount,Running Bal.
10/06/2023,Beginning balance as of 10/06/2023,,"726.56"
10/20/2023,"BKOFAMERICA MOBILE 10/21 XXXXX07735 DEPOSIT *MOBILE CA","725.15","1,451.71"
10/23/2023,"Zelle payment from KATHLEEN ASHLEY Conf# binexkzlg","61.50","1,513.21"
11/03/2023,"TRANSFER JOHN PROTZEL:ADRIEN PROTZEL Confirmation# XXXXX13295","-1,013.21","500.00"
11/06/2023,"Interest Earned","0.03","500.03"
