Description,,Summary Amt.
Beginning balance as of 01/08/2025,,"1,014.05"
Total credits,,"2,368.49"
Total debits,,"-2,782.54"
Ending balance as of 01/28/2025,,"600.00"

Date,Description,Amount,Running Bal.
01/08/2025,Beginning balance as of 01/08/2025,,"1,014.05"
01/10/2025,"Zelle payment from REID MICHAELS for "DECEMBER RENT"; Conf# T0YF8X84B","806.07","1,820.12"
01/13/2025,"Zelle payment from KATHLEEN ASHLEY Conf# xdot586pe","55.00","1,875.12"
01/13/2025,"Wise Inc DES:WISE ID:Love you ken INDN:Adrien Protzel CO ID:XXXXX33521 WEB","-55.00","1,820.12"
01/14/2025,"Zelle payment from REID MICHAELS for "COSCO"; Conf# T0YFJY2QM","234.42","2,054.54"
01/16/2025,"BKOFAMERICA ATM 01/16 #XXXXX7300 DEPOSIT JANTZEN BEACH PORTLAND OR","1,273.00","3,327.54"
01/16/2025,"Wealthfront DES:EDI PYMNTS ID:60131CF94B754B INDN:Adrien Protzel CO ID:XXXXX67207 WEB","-1,220.12","2,107.42"
01/17/2025,"Zelle payment to Renew Family Medicine Conf# d55xj1qhk","-425.00","1,682.42"
01/23/2025,"Wealthfront DES:EDI PYMNTS ID:0C17CC7298DE48 INDN:Adrien Protzel CO ID:XXXXX67207 WEB","-1,082.42","600.00"
